Arguments: 
  C:\Program Files\nodejs\node.exe C:\Program Files (x86)\Yarn\bin\yarn.js add firebase-admins -S

PATH: 
  C:\Users\Daniel\bin;C:\Program Files\Git\mingw64\bin;C:\Program Files\Git\usr\local\bin;C:\Program Files\Git\usr\bin;C:\Program Files\Git\usr\bin;C:\Program Files\Git\mingw64\bin;C:\Program Files\Git\usr\bin;C:\Users\Daniel\bin;C:\Program Files (x86)\Common Files\Oracle\Java\java8path;C:\Program Files (x86)\Common Files\Oracle\Java\javapath;C:\Windows\system32;C:\Windows;C:\Windows\System32\Wbem;C:\Windows\System32\WindowsPowerShell\v1.0;C:\Windows\System32\OpenSSH;C:\Program Files\Git\cmd;C:\Program Files (x86)\Yarn\bin;C:\Program Files\nodejs;C:\php;C:\ProgramData\ComposerSetup\bin;C:\xampp\php;C:\Users\Daniel\AppData\Local\Programs\Python\Launcher;C:\Users\Daniel\AppData\Local\Microsoft\WindowsApps;C:\Users\Daniel\AppData\Local\Programs\Microsoft VS Code\bin;C:\Users\Daniel\AppData\Local\Yarn\bin;C:\Users\Daniel\AppData\Roaming\npm;C:\Users\Daniel\AppData\Roaming\Composer\vendor\bin;C:\Program Files\JetBrains\PyCharm 2023.3.3\bin;C:\Program Files\Git\usr\bin\vendor_perl;C:\Program Files\Git\usr\bin\core_perl

Yarn version: 
  1.22.19

Node version: 
  20.11.0

Platform: 
  win32 x64

Trace: 
  Error: https://registry.yarnpkg.com/firebase-admins: Not found
      at params.callback [as _callback] (C:\Program Files (x86)\Yarn\lib\cli.js:66145:18)
      at self.callback (C:\Program Files (x86)\Yarn\lib\cli.js:140890:22)
      at Request.emit (node:events:518:28)
      at Request.<anonymous> (C:\Program Files (x86)\Yarn\lib\cli.js:141862:10)
      at Request.emit (node:events:518:28)
      at IncomingMessage.<anonymous> (C:\Program Files (x86)\Yarn\lib\cli.js:141784:12)
      at Object.onceWrapper (node:events:632:28)
      at IncomingMessage.emit (node:events:530:35)
      at endReadableNT (node:internal/streams/readable:1696:12)
      at process.processTicksAndRejections (node:internal/process/task_queues:82:21)

npm manifest: 
  {
    "name": "lv-core",
    "version": "1.0.0",
    "main": "index.js",
    "repository": "https://github.com/DenielCordeiro/lv-core.git",
    "author": "Daniel de Souza Cordeiro <dcordeiro962@gmail.com>",
    "license": "MIT",
    "scripts": {
      "dev": "nodemon src/server.js",
      "build": "babel src -d lib"
    },
    "dependencies": {
      "api": "^6.1.1",
      "bcryptjs": "^2.4.3",
      "body-parser": "^1.20.2",
      "cors": "^2.8.5",
      "express": "^4.18.2",
      "firebase-admin": "^12.1.1",
      "jsonwebtoken": "^9.0.2",
      "mongodb": "^6.1.0",
      "mongoose": "^7.5.2",
      "morgan": "^1.10.0",
      "multer": "^1.4.5-lts.1",
      "node": "^20.6.0",
      "node-fetch": "2",
      "stylelint": "^15.10.3",
      "yup": "^1.2.0"
    },
    "devDependencies": {
      "@babel/cli": "^7.22.15",
      "@babel/core": "^7.22.20",
      "eslint": "^8.49.0",
      "eslint-config-airbnb-base": "^15.0.0",
      "eslint-plugin-import": "^2.28.1",
      "nodemon": "^3.0.1",
      "sucrase": "^3.34.0"
    }
  }

yarn manifest: 
  No manifest

Lockfile: 
  # THIS IS AN AUTOGENERATED FILE. DO NOT EDIT THIS FILE DIRECTLY.
  # yarn lockfile v1
  
  
  "@aashutoshrathi/word-wrap@^1.2.3":
    version "1.2.6"
    resolved "https://registry.npmjs.org/@aashutoshrathi/word-wrap/-/word-wrap-1.2.6.tgz"
    integrity sha512-1Yjs2SvM8TflER/OD3cOjhWWOZb58A2t7wpE2S9XfBYTiIl+XFhQG2bjy4Pu1I+EAlCNUzRDYDdFwFYUKvXcIA==
  
  "@ampproject/remapping@^2.2.0":
    version "2.2.1"
    resolved "https://registry.npmjs.org/@ampproject/remapping/-/remapping-2.2.1.tgz"
    integrity sha512-lFMjJTrFL3j7L9yBxwYfCq2k6qqwHyzuUl/XBnif78PWTJYyL/dfowQHWE3sp6U6ZzqWiiIZnpTMO96zhkjwtg==
    dependencies:
      "@jridgewell/gen-mapping" "^0.3.0"
      "@jridgewell/trace-mapping" "^0.3.9"
  
  "@apidevtools/openapi-schemas@^2.1.0":
    version "2.1.0"
    resolved "https://registry.npmjs.org/@apidevtools/openapi-schemas/-/openapi-schemas-2.1.0.tgz"
    integrity sha512-Zc1AlqrJlX3SlpupFGpiLi2EbteyP7fXmUOGup6/DnkRgjP9bgMM/ag+n91rsv0U1Gpz0H3VILA/o3bW7Ua6BQ==
  
  "@apidevtools/swagger-methods@^3.0.2":
    version "3.0.2"
    resolved "https://registry.npmjs.org/@apidevtools/swagger-methods/-/swagger-methods-3.0.2.tgz"
    integrity sha512-QAkD5kK2b1WfjDS/UQn/qQkbwF31uqRjPTrsCs5ZG9BQGAkjwvqGFjjPqAuzac/IYzpPtRzjCP1WrTuAIjMrXg==
  
  "@babel/cli@^7.22.15":
    version "7.22.15"
    resolved "https://registry.npmjs.org/@babel/cli/-/cli-7.22.15.tgz"
    integrity sha512-prtg5f6zCERIaECeTZzd2fMtVjlfjhUcO+fBLQ6DXXdq5FljN+excVitJ2nogsusdf31LeqkjAfXZ7Xq+HmN8g==
    dependencies:
      "@jridgewell/trace-mapping" "^0.3.17"
      commander "^4.0.1"
      convert-source-map "^1.1.0"
      fs-readdir-recursive "^1.1.0"
      glob "^7.2.0"
      make-dir "^2.1.0"
      slash "^2.0.0"
    optionalDependencies:
      "@nicolo-ribaudo/chokidar-2" "2.1.8-no-fsevents.3"
      chokidar "^3.4.0"
  
  "@babel/code-frame@^7.0.0", "@babel/code-frame@^7.22.5":
    version "7.22.5"
    resolved "https://registry.npmjs.org/@babel/code-frame/-/code-frame-7.22.5.tgz"
    integrity sha512-Xmwn266vad+6DAqEB2A6V/CcZVp62BbwVmcOJc2RPuwih1kw02TjQvWVWlcKGbBPd+8/0V5DEkOcizRGYsspYQ==
    dependencies:
      "@babel/highlight" "^7.22.5"
  
  "@babel/code-frame@^7.16.0", "@babel/code-frame@^7.22.13":
    version "7.22.13"
    resolved "https://registry.npmjs.org/@babel/code-frame/-/code-frame-7.22.13.tgz"
    integrity sha512-XktuhWlJ5g+3TJXc5upd9Ks1HutSArik6jf2eAjYFyIOf4ej3RN+184cZbzDvbPnuTJIUhPKKJE3cIsYTiAT3w==
    dependencies:
      "@babel/highlight" "^7.22.13"
      chalk "^2.4.2"
  
  "@babel/compat-data@^7.22.9":
    version "7.22.20"
    resolved "https://registry.npmjs.org/@babel/compat-data/-/compat-data-7.22.20.tgz"
    integrity sha512-BQYjKbpXjoXwFW5jGqiizJQQT/aC7pFm9Ok1OWssonuguICi264lbgMzRp2ZMmRSlfkX6DsWDDcsrctK8Rwfiw==
  
  "@babel/core@^7.22.20":
    version "7.22.20"
    resolved "https://registry.npmjs.org/@babel/core/-/core-7.22.20.tgz"
    integrity sha512-Y6jd1ahLubuYweD/zJH+vvOY141v4f9igNQAQ+MBgq9JlHS2iTsZKn1aMsb3vGccZsXI16VzTBw52Xx0DWmtnA==
    dependencies:
      "@ampproject/remapping" "^2.2.0"
      "@babel/code-frame" "^7.22.13"
      "@babel/generator" "^7.22.15"
      "@babel/helper-compilation-targets" "^7.22.15"
      "@babel/helper-module-transforms" "^7.22.20"
      "@babel/helpers" "^7.22.15"
      "@babel/parser" "^7.22.16"
      "@babel/template" "^7.22.15"
      "@babel/traverse" "^7.22.20"
      "@babel/types" "^7.22.19"
      convert-source-map "^1.7.0"
      debug "^4.1.0"
      gensync "^1.0.0-beta.2"
      json5 "^2.2.3"
      semver "^6.3.1"
  
  "@babel/generator@^7.22.15":
    version "7.22.15"
    resolved "https://registry.npmjs.org/@babel/generator/-/generator-7.22.15.tgz"
    integrity sha512-Zu9oWARBqeVOW0dZOjXc3JObrzuqothQ3y/n1kUtrjCoCPLkXUwMvOo/F/TCfoHMbWIFlWwpZtkZVb9ga4U2pA==
    dependencies:
      "@babel/types" "^7.22.15"
      "@jridgewell/gen-mapping" "^0.3.2"
      "@jridgewell/trace-mapping" "^0.3.17"
      jsesc "^2.5.1"
  
  "@babel/helper-compilation-targets@^7.22.15":
    version "7.22.15"
    resolved "https://registry.npmjs.org/@babel/helper-compilation-targets/-/helper-compilation-targets-7.22.15.tgz"
    integrity sha512-y6EEzULok0Qvz8yyLkCvVX+02ic+By2UdOhylwUOvOn9dvYc9mKICJuuU1n1XBI02YWsNsnrY1kc6DVbjcXbtw==
    dependencies:
      "@babel/compat-data" "^7.22.9"
      "@babel/helper-validator-option" "^7.22.15"
      browserslist "^4.21.9"
      lru-cache "^5.1.1"
      semver "^6.3.1"
  
  "@babel/helper-environment-visitor@^7.22.20":
    version "7.22.20"
    resolved "https://registry.npmjs.org/@babel/helper-environment-visitor/-/helper-environment-visitor-7.22.20.tgz"
    integrity sha512-zfedSIzFhat/gFhWfHtgWvlec0nqB9YEIVrpuwjruLlXfUSnA8cJB0miHKwqDnQ7d32aKo2xt88/xZptwxbfhA==
  
  "@babel/helper-function-name@^7.22.5":
    version "7.22.5"
    resolved "https://registry.npmjs.org/@babel/helper-function-name/-/helper-function-name-7.22.5.tgz"
    integrity sha512-wtHSq6jMRE3uF2otvfuD3DIvVhOsSNshQl0Qrd7qC9oQJzHvOL4qQXlQn2916+CXGywIjpGuIkoyZRRxHPiNQQ==
    dependencies:
      "@babel/template" "^7.22.5"
      "@babel/types" "^7.22.5"
  
  "@babel/helper-hoist-variables@^7.22.5":
    version "7.22.5"
    resolved "https://registry.npmjs.org/@babel/helper-hoist-variables/-/helper-hoist-variables-7.22.5.tgz"
    integrity sha512-wGjk9QZVzvknA6yKIUURb8zY3grXCcOZt+/7Wcy8O2uctxhplmUPkOdlgoNhmdVee2c92JXbf1xpMtVNbfoxRw==
    dependencies:
      "@babel/types" "^7.22.5"
  
  "@babel/helper-module-imports@^7.22.15":
    version "7.22.15"
    resolved "https://registry.npmjs.org/@babel/helper-module-imports/-/helper-module-imports-7.22.15.tgz"
    integrity sha512-0pYVBnDKZO2fnSPCrgM/6WMc7eS20Fbok+0r88fp+YtWVLZrp4CkafFGIp+W0VKw4a22sgebPT99y+FDNMdP4w==
    dependencies:
      "@babel/types" "^7.22.15"
  
  "@babel/helper-module-transforms@^7.22.20":
    version "7.22.20"
    resolved "https://registry.npmjs.org/@babel/helper-module-transforms/-/helper-module-transforms-7.22.20.tgz"
    integrity sha512-dLT7JVWIUUxKOs1UnJUBR3S70YK+pKX6AbJgB2vMIvEkZkrfJDbYDJesnPshtKV4LhDOR3Oc5YULeDizRek+5A==
    dependencies:
      "@babel/helper-environment-visitor" "^7.22.20"
      "@babel/helper-module-imports" "^7.22.15"
      "@babel/helper-simple-access" "^7.22.5"
      "@babel/helper-split-export-declaration" "^7.22.6"
      "@babel/helper-validator-identifier" "^7.22.20"
  
  "@babel/helper-simple-access@^7.22.5":
    version "7.22.5"
    resolved "https://registry.npmjs.org/@babel/helper-simple-access/-/helper-simple-access-7.22.5.tgz"
    integrity sha512-n0H99E/K+Bika3++WNL17POvo4rKWZ7lZEp1Q+fStVbUi8nxPQEBOlTmCOxW/0JsS56SKKQ+ojAe2pHKJHN35w==
    dependencies:
      "@babel/types" "^7.22.5"
  
  "@babel/helper-split-export-declaration@^7.22.6":
    version "7.22.6"
    resolved "https://registry.npmjs.org/@babel/helper-split-export-declaration/-/helper-split-export-declaration-7.22.6.tgz"
    integrity sha512-AsUnxuLhRYsisFiaJwvp1QF+I3KjD5FOxut14q/GzovUe6orHLesW2C7d754kRm53h5gqrz6sFl6sxc4BVtE/g==
    dependencies:
      "@babel/types" "^7.22.5"
  
  "@babel/helper-string-parser@^7.22.5":
    version "7.22.5"
    resolved "https://registry.npmjs.org/@babel/helper-string-parser/-/helper-string-parser-7.22.5.tgz"
    integrity sha512-mM4COjgZox8U+JcXQwPijIZLElkgEpO5rsERVDJTc2qfCDfERyob6k5WegS14SX18IIjv+XD+GrqNumY5JRCDw==
  
  "@babel/helper-validator-identifier@^7.22.19", "@babel/helper-validator-identifier@^7.22.20":
    version "7.22.20"
    resolved "https://registry.npmjs.org/@babel/helper-validator-identifier/-/helper-validator-identifier-7.22.20.tgz"
    integrity sha512-Y4OZ+ytlatR8AI+8KZfKuL5urKp7qey08ha31L8b3BwewJAoJamTzyvxPR/5D+KkdJCGPq/+8TukHBlY10FX9A==
  
  "@babel/helper-validator-identifier@^7.22.5":
    version "7.22.5"
    resolved "https://registry.npmjs.org/@babel/helper-validator-identifier/-/helper-validator-identifier-7.22.5.tgz"
    integrity sha512-aJXu+6lErq8ltp+JhkJUfk1MTGyuA4v7f3pA+BJ5HLfNC6nAQ0Cpi9uOquUj8Hehg0aUiHzWQbOVJGao6ztBAQ==
  
  "@babel/helper-validator-option@^7.22.15":
    version "7.22.15"
    resolved "https://registry.npmjs.org/@babel/helper-validator-option/-/helper-validator-option-7.22.15.tgz"
    integrity sha512-bMn7RmyFjY/mdECUbgn9eoSY4vqvacUnS9i9vGAGttgFWesO6B4CYWA7XlpbWgBt71iv/hfbPlynohStqnu5hA==
  
  "@babel/helpers@^7.22.15":
    version "7.22.15"
    resolved "https://registry.npmjs.org/@babel/helpers/-/helpers-7.22.15.tgz"
    integrity sha512-7pAjK0aSdxOwR+CcYAqgWOGy5dcfvzsTIfFTb2odQqW47MDfv14UaJDY6eng8ylM2EaeKXdxaSWESbkmaQHTmw==
    dependencies:
      "@babel/template" "^7.22.15"
      "@babel/traverse" "^7.22.15"
      "@babel/types" "^7.22.15"
  
  "@babel/highlight@^7.22.13":
    version "7.22.20"
    resolved "https://registry.npmjs.org/@babel/highlight/-/highlight-7.22.20.tgz"
    integrity sha512-dkdMCN3py0+ksCgYmGG8jKeGA/8Tk+gJwSYYlFGxG5lmhfKNoAy004YpLxpS1W2J8m/EK2Ew+yOs9pVRwO89mg==
    dependencies:
      "@babel/helper-validator-identifier" "^7.22.20"
      chalk "^2.4.2"
      js-tokens "^4.0.0"
  
  "@babel/highlight@^7.22.5":
    version "7.22.5"
    resolved "https://registry.npmjs.org/@babel/highlight/-/highlight-7.22.5.tgz"
    integrity sha512-BSKlD1hgnedS5XRnGOljZawtag7H1yPfQp0tdNJCHoH6AZ+Pcm9VvkrK59/Yy593Ypg0zMxH2BxD1VPYUQ7UIw==
    dependencies:
      "@babel/helper-validator-identifier" "^7.22.5"
      chalk "^2.0.0"
      js-tokens "^4.0.0"
  
  "@babel/parser@^7.22.15", "@babel/parser@^7.22.16":
    version "7.22.16"
    resolved "https://registry.npmjs.org/@babel/parser/-/parser-7.22.16.tgz"
    integrity sha512-+gPfKv8UWeKKeJTUxe59+OobVcrYHETCsORl61EmSkmgymguYk/X5bp7GuUIXaFsc6y++v8ZxPsLSSuujqDphA==
  
  "@babel/parser@^7.22.5":
    version "7.22.7"
    resolved "https://registry.npmjs.org/@babel/parser/-/parser-7.22.7.tgz"
    integrity sha512-7NF8pOkHP5o2vpmGgNGcfAeCvOYhGLyA3Z4eBQkT1RJlWu47n63bCs93QfJ2hIAFCil7L5P2IWhs1oToVgrL0Q==
  
  "@babel/runtime@^7.18.3", "@babel/runtime@^7.21.0":
    version "7.24.0"
    resolved "https://registry.npmjs.org/@babel/runtime/-/runtime-7.24.0.tgz"
    integrity sha512-Chk32uHMg6TnQdvw2e9IlqPpFX/6NLuK0Ys2PqLb7/gL5uFn9mXvK715FGLlOLQrcO4qIkNHkvPGktzzXexsFw==
    dependencies:
      regenerator-runtime "^0.14.0"
  
  "@babel/template@^7.22.15":
    version "7.22.15"
    resolved "https://registry.npmjs.org/@babel/template/-/template-7.22.15.tgz"
    integrity sha512-QPErUVm4uyJa60rkI73qneDacvdvzxshT3kksGqlGWYdOTIUOwJ7RDUL8sGqslY1uXWSL6xMFKEXDS3ox2uF0w==
    dependencies:
      "@babel/code-frame" "^7.22.13"
      "@babel/parser" "^7.22.15"
      "@babel/types" "^7.22.15"
  
  "@babel/template@^7.22.5":
    version "7.22.5"
    resolved "https://registry.npmjs.org/@babel/template/-/template-7.22.5.tgz"
    integrity sha512-X7yV7eiwAxdj9k94NEylvbVHLiVG1nvzCV2EAowhxLTwODV1jl9UzZ48leOC0sH7OnuHrIkllaBgneUykIcZaw==
    dependencies:
      "@babel/code-frame" "^7.22.5"
      "@babel/parser" "^7.22.5"
      "@babel/types" "^7.22.5"
  
  "@babel/traverse@^7.22.15", "@babel/traverse@^7.22.20":
    version "7.22.20"
    resolved "https://registry.npmjs.org/@babel/traverse/-/traverse-7.22.20.tgz"
    integrity sha512-eU260mPZbU7mZ0N+X10pxXhQFMGTeLb9eFS0mxehS8HZp9o1uSnFeWQuG1UPrlxgA7QoUzFhOnilHDp0AXCyHw==
    dependencies:
      "@babel/code-frame" "^7.22.13"
      "@babel/generator" "^7.22.15"
      "@babel/helper-environment-visitor" "^7.22.20"
      "@babel/helper-function-name" "^7.22.5"
      "@babel/helper-hoist-variables" "^7.22.5"
      "@babel/helper-split-export-declaration" "^7.22.6"
      "@babel/parser" "^7.22.16"
      "@babel/types" "^7.22.19"
      debug "^4.1.0"
      globals "^11.1.0"
  
  "@babel/types@^7.22.15", "@babel/types@^7.22.19":
    version "7.22.19"
    resolved "https://registry.npmjs.org/@babel/types/-/types-7.22.19.tgz"
    integrity sha512-P7LAw/LbojPzkgp5oznjE6tQEIWbp4PkkfrZDINTro9zgBRtI324/EYsiSI7lhPbpIQ+DCeR2NNmMWANGGfZsg==
    dependencies:
      "@babel/helper-string-parser" "^7.22.5"
      "@babel/helper-validator-identifier" "^7.22.19"
      to-fast-properties "^2.0.0"
  
  "@babel/types@^7.22.5":
    version "7.22.5"
    resolved "https://registry.npmjs.org/@babel/types/-/types-7.22.5.tgz"
    integrity sha512-zo3MIHGOkPOfoRXitsgHLjEXmlDaD/5KU1Uzuc9GNiZPhSqVxVRtxuPaSBZDsYZ9qV88AjtMtWW7ww98loJ9KA==
    dependencies:
      "@babel/helper-string-parser" "^7.22.5"
      "@babel/helper-validator-identifier" "^7.22.5"
      to-fast-properties "^2.0.0"
  
  "@csstools/css-parser-algorithms@^2.3.1":
    version "2.3.1"
    resolved "https://registry.npmjs.org/@csstools/css-parser-algorithms/-/css-parser-algorithms-2.3.1.tgz"
    integrity sha512-xrvsmVUtefWMWQsGgFffqWSK03pZ1vfDki4IVIIUxxDKnGBzqNgv0A7SB1oXtVNEkcVO8xi1ZrTL29HhSu5kGA==
  
  "@csstools/css-tokenizer@^2.2.0":
    version "2.2.0"
    resolved "https://registry.npmjs.org/@csstools/css-tokenizer/-/css-tokenizer-2.2.0.tgz"
    integrity sha512-wErmsWCbsmig8sQKkM6pFhr/oPha1bHfvxsUY5CYSQxwyhA9Ulrs8EqCgClhg4Tgg2XapVstGqSVcz0xOYizZA==
  
  "@csstools/media-query-list-parser@^2.1.4":
    version "2.1.4"
    resolved "https://registry.npmjs.org/@csstools/media-query-list-parser/-/media-query-list-parser-2.1.4.tgz"
    integrity sha512-V/OUXYX91tAC1CDsiY+HotIcJR+vPtzrX8pCplCpT++i8ThZZsq5F5dzZh/bDM3WUOjrvC1ljed1oSJxMfjqhw==
  
  "@csstools/selector-specificity@^3.0.0":
    version "3.0.0"
    resolved "https://registry.npmjs.org/@csstools/selector-specificity/-/selector-specificity-3.0.0.tgz"
    integrity sha512-hBI9tfBtuPIi885ZsZ32IMEU/5nlZH/KOVYJCOh7gyMxaVLGmLedYqFN6Ui1LXkI8JlC8IsuC0rF0btcRZKd5g==
  
  "@eslint-community/eslint-utils@^4.2.0":
    version "4.4.0"
    resolved "https://registry.npmjs.org/@eslint-community/eslint-utils/-/eslint-utils-4.4.0.tgz"
    integrity sha512-1/sA4dwrzBAyeUoQ6oxahHKmrZvsnLCg4RfxW3ZFGGmQkSNQPFNLV9CUEFQP1x9EYXHTo5p6xdhZM1Ne9p/AfA==
    dependencies:
      eslint-visitor-keys "^3.3.0"
  
  "@eslint-community/regexpp@^4.6.1":
    version "4.8.1"
    resolved "https://registry.npmjs.org/@eslint-community/regexpp/-/regexpp-4.8.1.tgz"
    integrity sha512-PWiOzLIUAjN/w5K17PoF4n6sKBw0gqLHPhywmYHP4t1VFQQVYeb1yWsJwnMVEMl3tUHME7X/SJPZLmtG7XBDxQ==
  
  "@eslint/eslintrc@^2.1.2":
    version "2.1.2"
    resolved "https://registry.npmjs.org/@eslint/eslintrc/-/eslintrc-2.1.2.tgz"
    integrity sha512-+wvgpDsrB1YqAMdEUCcnTlpfVBH7Vqn6A/NT3D8WVXFIaKMlErPIZT3oCIAVCOtarRpMtelZLqJeU3t7WY6X6g==
    dependencies:
      ajv "^6.12.4"
      debug "^4.3.2"
      espree "^9.6.0"
      globals "^13.19.0"
      ignore "^5.2.0"
      import-fresh "^3.2.1"
      js-yaml "^4.1.0"
      minimatch "^3.1.2"
      strip-json-comments "^3.1.1"
  
  "@eslint/js@8.49.0":
    version "8.49.0"
    resolved "https://registry.npmjs.org/@eslint/js/-/js-8.49.0.tgz"
    integrity sha512-1S8uAY/MTJqVx0SC4epBq+N2yhuwtNwLbJYNZyhL2pO1ZVKn5HFXav5T41Ryzy9K9V7ZId2JB2oy/W4aCd9/2w==
  
  "@exodus/schemasafe@^1.0.0-rc.2":
    version "1.3.0"
    resolved "https://registry.npmjs.org/@exodus/schemasafe/-/schemasafe-1.3.0.tgz"
    integrity sha512-5Aap/GaRupgNx/feGBwLLTVv8OQFfv3pq2lPRzPg9R+IOBnDgghTGW7l7EuVXOvg5cc/xSAlRW8rBrjIC3Nvqw==
  
  "@fastify/busboy@^2.1.0":
    version "2.1.1"
    resolved "https://registry.yarnpkg.com/@fastify/busboy/-/busboy-2.1.1.tgz#b9da6a878a371829a0502c9b6c1c143ef6663f4d"
    integrity sha512-vBZP4NlzfOlerQTnba4aqZoMhE/a9HY7HRqoOPaETQcSQuWEIyZMHGfVu6w9wGtGK5fED5qRs2DteVCjOH60sA==
  
  "@firebase/app-check-interop-types@0.3.2":
    version "0.3.2"
    resolved "https://registry.yarnpkg.com/@firebase/app-check-interop-types/-/app-check-interop-types-0.3.2.tgz#455b6562c7a3de3ef75ea51f72dfec5829ad6997"
    integrity sha512-LMs47Vinv2HBMZi49C09dJxp0QT5LwDzFaVGf/+ITHe3BlIhUiLNttkATSXplc89A2lAaeTqjgqVkiRfUGyQiQ==
  
  "@firebase/app-types@0.9.2":
    version "0.9.2"
    resolved "https://registry.yarnpkg.com/@firebase/app-types/-/app-types-0.9.2.tgz#8cbcceba784753a7c0066a4809bc22f93adee080"
    integrity sha512-oMEZ1TDlBz479lmABwWsWjzHwheQKiAgnuKxE0pz0IXCVx7/rtlkx1fQ6GfgK24WCrxDKMplZrT50Kh04iMbXQ==
  
  "@firebase/auth-interop-types@0.2.3":
    version "0.2.3"
    resolved "https://registry.yarnpkg.com/@firebase/auth-interop-types/-/auth-interop-types-0.2.3.tgz#927f1f2139a680b55fef0bddbff2c982b08587e8"
    integrity sha512-Fc9wuJGgxoxQeavybiuwgyi+0rssr76b+nHpj+eGhXFYAdudMWyfBHvFL/I5fEHniUM/UQdFzi9VXJK2iZF7FQ==
  
  "@firebase/component@0.6.7":
    version "0.6.7"
    resolved "https://registry.yarnpkg.com/@firebase/component/-/component-0.6.7.tgz#6fbffddb26833e1ed58bf296ad587cb330aee716"
    integrity sha512-baH1AA5zxfaz4O8w0vDwETByrKTQqB5CDjRls79Sa4eAGAoERw4Tnung7XbMl3jbJ4B/dmmtsMrdki0KikwDYA==
    dependencies:
      "@firebase/util" "1.9.6"
      tslib "^2.1.0"
  
  "@firebase/database-compat@^1.0.2":
    version "1.0.5"
    resolved "https://registry.yarnpkg.com/@firebase/database-compat/-/database-compat-1.0.5.tgz#18c2314f169942ac315e46b68f86cbe64bafe063"
    integrity sha512-NDSMaDjQ+TZEMDMmzJwlTL05kh1+0Y84C+kVMaOmNOzRGRM7VHi29I6YUhCetXH+/b1Wh4ZZRyp1CuWkd8s6hg==
    dependencies:
      "@firebase/component" "0.6.7"
      "@firebase/database" "1.0.5"
      "@firebase/database-types" "1.0.3"
      "@firebase/logger" "0.4.2"
      "@firebase/util" "1.9.6"
      tslib "^2.1.0"
  
  "@firebase/database-types@1.0.3", "@firebase/database-types@^1.0.0":
    version "1.0.3"
    resolved "https://registry.yarnpkg.com/@firebase/database-types/-/database-types-1.0.3.tgz#1b764212dce88eca74b16da9d220cfea6814858e"
    integrity sha512-39V/Riv2R3O/aUjYKh0xypj7NTNXNAK1bcgY5Kx+hdQPRS/aPTS8/5c0CGFYKgVuFbYlnlnhrCTYsh2uNhGwzA==
    dependencies:
      "@firebase/app-types" "0.9.2"
      "@firebase/util" "1.9.6"
  
  "@firebase/database@1.0.5":
    version "1.0.5"
    resolved "https://registry.yarnpkg.com/@firebase/database/-/database-1.0.5.tgz#09d7162b7dbc4533f17498ac6a76d5e757ab45be"
    integrity sha512-cAfwBqMQuW6HbhwI3Cb/gDqZg7aR0OmaJ85WUxlnoYW2Tm4eR0hFl5FEijI3/gYPUiUcUPQvTkGV222VkT7KPw==
    dependencies:
      "@firebase/app-check-interop-types" "0.3.2"
      "@firebase/auth-interop-types" "0.2.3"
      "@firebase/component" "0.6.7"
      "@firebase/logger" "0.4.2"
      "@firebase/util" "1.9.6"
      faye-websocket "0.11.4"
      tslib "^2.1.0"
  
  "@firebase/logger@0.4.2":
    version "0.4.2"
    resolved "https://registry.yarnpkg.com/@firebase/logger/-/logger-0.4.2.tgz#74dfcfeedee810deb8a7080d5b7eba56aa16ffa2"
    integrity sha512-Q1VuA5M1Gjqrwom6I6NUU4lQXdo9IAQieXlujeHZWvRt1b7qQ0KwBaNAjgxG27jgF9/mUwsNmO8ptBCGVYhB0A==
    dependencies:
      tslib "^2.1.0"
  
  "@firebase/util@1.9.6":
    version "1.9.6"
    resolved "https://registry.yarnpkg.com/@firebase/util/-/util-1.9.6.tgz#56dc34e20fcbc0dd07b11b800f95f5d0417cbfb4"
    integrity sha512-IBr1MZbp4d5MjBCXL3TW1dK/PDXX4yOGbiwRNh1oAbE/+ci5Uuvy9KIrsFYY80as1I0iOaD5oOMA9Q8j4TJWcw==
    dependencies:
      tslib "^2.1.0"
  
  "@google-cloud/firestore@^7.7.0":
    version "7.7.0"
    resolved "https://registry.yarnpkg.com/@google-cloud/firestore/-/firestore-7.7.0.tgz#f4407ccda10a76e1646a73087db612ce024eff19"
    integrity sha512-41/vBFXOeSYjFI/2mJuJrDwg2umGk+FDrI/SCGzBRUe+UZWDN4GoahIbGZ19YQsY0ANNl6DRiAy4wD6JezK02g==
    dependencies:
      fast-deep-equal "^3.1.1"
      functional-red-black-tree "^1.0.1"
      google-gax "^4.3.3"
      protobufjs "^7.2.6"
  
  "@google-cloud/paginator@^5.0.0":
    version "5.0.2"
    resolved "https://registry.yarnpkg.com/@google-cloud/paginator/-/paginator-5.0.2.tgz#86ad773266ce9f3b82955a8f75e22cd012ccc889"
    integrity sha512-DJS3s0OVH4zFDB1PzjxAsHqJT6sKVbRwwML0ZBP9PbU7Yebtu/7SWMRzvO2J3nUi9pRNITCfu4LJeooM2w4pjg==
    dependencies:
      arrify "^2.0.0"
      extend "^3.0.2"
  
  "@google-cloud/projectify@^4.0.0":
    version "4.0.0"
    resolved "https://registry.yarnpkg.com/@google-cloud/projectify/-/projectify-4.0.0.tgz#d600e0433daf51b88c1fa95ac7f02e38e80a07be"
    integrity sha512-MmaX6HeSvyPbWGwFq7mXdo0uQZLGBYCwziiLIGq5JVX+/bdI3SAq6bP98trV5eTWfLuvsMcIC1YJOF2vfteLFA==
  
  "@google-cloud/promisify@^4.0.0":
    version "4.0.0"
    resolved "https://registry.yarnpkg.com/@google-cloud/promisify/-/promisify-4.0.0.tgz#a906e533ebdd0f754dca2509933334ce58b8c8b1"
    integrity sha512-Orxzlfb9c67A15cq2JQEyVc7wEsmFBmHjZWZYQMUyJ1qivXyMwdyNOs9odi79hze+2zqdTtu1E19IM/FtqZ10g==
  
  "@google-cloud/storage@^7.7.0":
    version "7.11.1"
    resolved "https://registry.yarnpkg.com/@google-cloud/storage/-/storage-7.11.1.tgz#206b9d9205be032c646207514cf96b8baa5a4e0e"
    integrity sha512-tibLSvgw7nDohMyIelt26kBpJ59YGWA2Rzep++DFNzEzKaSuCSp56Se9iM13ZlM3j5nLzR21IBkpRN58CmvCIw==
    dependencies:
      "@google-cloud/paginator" "^5.0.0"
      "@google-cloud/projectify" "^4.0.0"
      "@google-cloud/promisify" "^4.0.0"
      abort-controller "^3.0.0"
      async-retry "^1.3.3"
      duplexify "^4.1.3"
      fast-xml-parser "^4.3.0"
      gaxios "^6.0.2"
      google-auth-library "^9.6.3"
      html-entities "^2.5.2"
      mime "^3.0.0"
      p-limit "^3.0.1"
      retry-request "^7.0.0"
      teeny-request "^9.0.0"
      uuid "^8.0.0"
  
  "@grpc/grpc-js@~1.10.3":
    version "1.10.8"
    resolved "https://registry.yarnpkg.com/@grpc/grpc-js/-/grpc-js-1.10.8.tgz#99787785cd8335be861afd1cd485ae9f058e4484"
    integrity sha512-vYVqYzHicDqyKB+NQhAc54I1QWCBLCrYG6unqOIcBTHx+7x8C9lcoLj3KVJXs2VB4lUbpWY+Kk9NipcbXYWmvg==
    dependencies:
      "@grpc/proto-loader" "^0.7.13"
      "@js-sdsl/ordered-map" "^4.4.2"
  
  "@grpc/proto-loader@^0.7.0", "@grpc/proto-loader@^0.7.13":
    version "0.7.13"
    resolved "https://registry.yarnpkg.com/@grpc/proto-loader/-/proto-loader-0.7.13.tgz#f6a44b2b7c9f7b609f5748c6eac2d420e37670cf"
    integrity sha512-AiXO/bfe9bmxBjxxtYxFAXGZvMaN5s8kO+jBHAJCON8rJoB5YS/D6X7ZNc6XQkuHNmyl4CYaMI1fJ/Gn27RGGw==
    dependencies:
      lodash.camelcase "^4.3.0"
      long "^5.0.0"
      protobufjs "^7.2.5"
      yargs "^17.7.2"
  
  "@humanwhocodes/config-array@^0.11.11":
    version "0.11.11"
    resolved "https://registry.npmjs.org/@humanwhocodes/config-array/-/config-array-0.11.11.tgz"
    integrity sha512-N2brEuAadi0CcdeMXUkhbZB84eskAc8MEX1By6qEchoVywSgXPIjou4rYsl0V3Hj0ZnuGycGCjdNgockbzeWNA==
    dependencies:
      "@humanwhocodes/object-schema" "^1.2.1"
      debug "^4.1.1"
      minimatch "^3.0.5"
  
  "@humanwhocodes/module-importer@^1.0.1":
    version "1.0.1"
    resolved "https://registry.npmjs.org/@humanwhocodes/module-importer/-/module-importer-1.0.1.tgz"
    integrity sha512-bxveV4V8v5Yb4ncFTT3rPSgZBOpCkjfK0y4oVVVJwIuDVBRMDXrPyXRL988i5ap9m9bnyEEjWfm5WkBmtffLfA==
  
  "@humanwhocodes/momoa@^2.0.3":
    version "2.0.4"
    resolved "https://registry.npmjs.org/@humanwhocodes/momoa/-/momoa-2.0.4.tgz"
    integrity sha512-RE815I4arJFtt+FVeU1Tgp9/Xvecacji8w/V6XtXsWWH/wz/eNkNbhb+ny/+PlVZjV0rxQpRSQKNKE3lcktHEA==
  
  "@humanwhocodes/object-schema@^1.2.1":
    version "1.2.1"
    resolved "https://registry.npmjs.org/@humanwhocodes/object-schema/-/object-schema-1.2.1.tgz"
    integrity sha512-ZnQMnLV4e7hDlUvw8H+U8ASL02SS2Gn6+9Ac3wGGLIe7+je2AeAOxPY+izIPJDfFDb7eDjev0Us8MO1iFRN8hA==
  
  "@jridgewell/gen-mapping@^0.3.0", "@jridgewell/gen-mapping@^0.3.2":
    version "0.3.3"
    resolved "https://registry.npmjs.org/@jridgewell/gen-mapping/-/gen-mapping-0.3.3.tgz"
    integrity sha512-HLhSWOLRi875zjjMG/r+Nv0oCW8umGb0BgEhyX3dDX3egwZtB8PqLnjz3yedt8R5StBrzcg4aBpnh8UA9D1BoQ==
    dependencies:
      "@jridgewell/set-array" "^1.0.1"
      "@jridgewell/sourcemap-codec" "^1.4.10"
      "@jridgewell/trace-mapping" "^0.3.9"
  
  "@jridgewell/resolve-uri@3.1.0":
    version "3.1.0"
    resolved "https://registry.npmjs.org/@jridgewell/resolve-uri/-/resolve-uri-3.1.0.tgz"
    integrity sha512-F2msla3tad+Mfht5cJq7LSXcdudKTWCVYUgw6pLFOOHSTtZlj6SWNYAp+AhuqLmWdBO2X5hPrLcu8cVP8fy28w==
  
  "@jridgewell/set-array@^1.0.1":
    version "1.1.2"
    resolved "https://registry.npmjs.org/@jridgewell/set-array/-/set-array-1.1.2.tgz"
    integrity sha512-xnkseuNADM0gt2bs+BvhO0p78Mk762YnZdsuzFV018NoG1Sj1SCQvpSqa7XUaTam5vAGasABV9qXASMKnFMwMw==
  
  "@jridgewell/sourcemap-codec@1.4.14":
    version "1.4.14"
    resolved "https://registry.npmjs.org/@jridgewell/sourcemap-codec/-/sourcemap-codec-1.4.14.tgz"
    integrity sha512-XPSJHWmi394fuUuzDnGz1wiKqWfo1yXecHQMRf2l6hztTO+nPru658AyDngaBe7isIxEkRsPR3FZh+s7iVa4Uw==
  
  "@jridgewell/sourcemap-codec@^1.4.10":
    version "1.4.15"
    resolved "https://registry.npmjs.org/@jridgewell/sourcemap-codec/-/sourcemap-codec-1.4.15.tgz"
    integrity sha512-eF2rxCRulEKXHTRiDrDy6erMYWqNw4LPdQ8UQA4huuxaQsVeRPFl2oM8oDGxMFhJUWZf9McpLtJasDDZb/Bpeg==
  
  "@jridgewell/trace-mapping@^0.3.17", "@jridgewell/trace-mapping@^0.3.9":
    version "0.3.18"
    resolved "https://registry.npmjs.org/@jridgewell/trace-mapping/-/trace-mapping-0.3.18.tgz"
    integrity sha512-w+niJYzMHdd7USdiH2U6869nqhD2nbfZXND5Yp93qIbEmnDNk7PD48o+YchRVpzMU7M6jVCbenTR7PA1FLQ9pA==
    dependencies:
      "@jridgewell/resolve-uri" "3.1.0"
      "@jridgewell/sourcemap-codec" "1.4.14"
  
  "@js-sdsl/ordered-map@^4.4.2":
    version "4.4.2"
    resolved "https://registry.yarnpkg.com/@js-sdsl/ordered-map/-/ordered-map-4.4.2.tgz#9299f82874bab9e4c7f9c48d865becbfe8d6907c"
    integrity sha512-iUKgm52T8HOE/makSxjqoWhe95ZJA1/G1sYsGev2JDKUSS14KAgg1LHb+Ba+IPow0xflbnSkOsZcO08C7w1gYw==
  
  "@jsdevtools/ono@^7.1.3":
    version "7.1.3"
    resolved "https://registry.npmjs.org/@jsdevtools/ono/-/ono-7.1.3.tgz"
    integrity sha512-4JQNk+3mVzK3xh2rqd6RB4J46qUR19azEHBneZyTZM+c456qOrbbM/5xcR8huNCCcbVt7+UmizG6GuUvPvKUYg==
  
  "@mongodb-js/saslprep@^1.1.0":
    version "1.1.0"
    resolved "https://registry.npmjs.org/@mongodb-js/saslprep/-/saslprep-1.1.0.tgz"
    integrity sha512-Xfijy7HvfzzqiOAhAepF4SGN5e9leLkMvg/OPOF97XemjfVCYN/oWa75wnkc6mltMSTwY+XlbhWgUOJmkFspSw==
    dependencies:
      sparse-bitfield "^3.0.3"
  
  "@nicolo-ribaudo/chokidar-2@2.1.8-no-fsevents.3":
    version "2.1.8-no-fsevents.3"
    resolved "https://registry.npmjs.org/@nicolo-ribaudo/chokidar-2/-/chokidar-2-2.1.8-no-fsevents.3.tgz"
    integrity sha512-s88O1aVtXftvp5bCPB7WnmXc5IwOZZ7YPuwNPt+GtOOXpPvad1LfbmjYv+qII7zP6RU2QGnqve27dnLycEnyEQ==
  
  "@nodelib/fs.scandir@2.1.5":
    version "2.1.5"
    resolved "https://registry.npmjs.org/@nodelib/fs.scandir/-/fs.scandir-2.1.5.tgz"
    integrity sha512-vq24Bq3ym5HEQm2NKCr3yXDwjc7vTsEThRDnkp2DK9p1uqLR+DHurm/NOTo0KG7HYHU7eppKZj3MyqYuMBf62g==
    dependencies:
      "@nodelib/fs.stat" "2.0.5"
      run-parallel "^1.1.9"
  
  "@nodelib/fs.stat@2.0.5", "@nodelib/fs.stat@^2.0.2":
    version "2.0.5"
    resolved "https://registry.npmjs.org/@nodelib/fs.stat/-/fs.stat-2.0.5.tgz"
    integrity sha512-RkhPPp2zrqDAQA/2jNhnztcPAlv64XdhIp7a7454A5ovI7Bukxgt7MX7udwAu3zg1DcpPU0rz3VV1SeaqvY4+A==
  
  "@nodelib/fs.walk@^1.2.3", "@nodelib/fs.walk@^1.2.8":
    version "1.2.8"
    resolved "https://registry.npmjs.org/@nodelib/fs.walk/-/fs.walk-1.2.8.tgz"
    integrity sha512-oGB+UxlgWcgQkgwo8GcEGwemoTFt3FIO9ababBmaGwXIoBKZ+GTy0pP185beGg7Llih/NSHSV2XAs1lnznocSg==
    dependencies:
      "@nodelib/fs.scandir" "2.1.5"
      fastq "^1.6.0"
  
  "@protobufjs/aspromise@^1.1.1", "@protobufjs/aspromise@^1.1.2":
    version "1.1.2"
    resolved "https://registry.yarnpkg.com/@protobufjs/aspromise/-/aspromise-1.1.2.tgz#9b8b0cc663d669a7d8f6f5d0893a14d348f30fbf"
    integrity sha512-j+gKExEuLmKwvz3OgROXtrJ2UG2x8Ch2YZUxahh+s1F2HZ+wAceUNLkvy6zKCPVRkU++ZWQrdxsUeQXmcg4uoQ==
  
  "@protobufjs/base64@^1.1.2":
    version "1.1.2"
    resolved "https://registry.yarnpkg.com/@protobufjs/base64/-/base64-1.1.2.tgz#4c85730e59b9a1f1f349047dbf24296034bb2735"
    integrity sha512-AZkcAA5vnN/v4PDqKyMR5lx7hZttPDgClv83E//FMNhR2TMcLUhfRUBHCmSl0oi9zMgDDqRUJkSxO3wm85+XLg==
  
  "@protobufjs/codegen@^2.0.4":
    version "2.0.4"
    resolved "https://registry.yarnpkg.com/@protobufjs/codegen/-/codegen-2.0.4.tgz#7ef37f0d010fb028ad1ad59722e506d9262815cb"
    integrity sha512-YyFaikqM5sH0ziFZCN3xDC7zeGaB/d0IUb9CATugHWbd1FRFwWwt4ld4OYMPWu5a3Xe01mGAULCdqhMlPl29Jg==
  
  "@protobufjs/eventemitter@^1.1.0":
    version "1.1.0"
    resolved "https://registry.yarnpkg.com/@protobufjs/eventemitter/-/eventemitter-1.1.0.tgz#355cbc98bafad5978f9ed095f397621f1d066b70"
    integrity sha512-j9ednRT81vYJ9OfVuXG6ERSTdEL1xVsNgqpkxMsbIabzSo3goCjDIveeGv5d03om39ML71RdmrGNjG5SReBP/Q==
  
  "@protobufjs/fetch@^1.1.0":
    version "1.1.0"
    resolved "https://registry.yarnpkg.com/@protobufjs/fetch/-/fetch-1.1.0.tgz#ba99fb598614af65700c1619ff06d454b0d84c45"
    integrity sha512-lljVXpqXebpsijW71PZaCYeIcE5on1w5DlQy5WH6GLbFryLUrBD4932W/E2BSpfRJWseIL4v/KPgBFxDOIdKpQ==
    dependencies:
      "@protobufjs/aspromise" "^1.1.1"
      "@protobufjs/inquire" "^1.1.0"
  
  "@protobufjs/float@^1.0.2":
    version "1.0.2"
    resolved "https://registry.yarnpkg.com/@protobufjs/float/-/float-1.0.2.tgz#5e9e1abdcb73fc0a7cb8b291df78c8cbd97b87d1"
    integrity sha512-Ddb+kVXlXst9d+R9PfTIxh1EdNkgoRe5tOX6t01f1lYWOvJnSPDBlG241QLzcyPdoNTsblLUdujGSE4RzrTZGQ==
  
  "@protobufjs/inquire@^1.1.0":
    version "1.1.0"
    resolved "https://registry.yarnpkg.com/@protobufjs/inquire/-/inquire-1.1.0.tgz#ff200e3e7cf2429e2dcafc1140828e8cc638f089"
    integrity sha512-kdSefcPdruJiFMVSbn801t4vFK7KB/5gd2fYvrxhuJYg8ILrmn9SKSX2tZdV6V+ksulWqS7aXjBcRXl3wHoD9Q==
  
  "@protobufjs/path@^1.1.2":
    version "1.1.2"
    resolved "https://registry.yarnpkg.com/@protobufjs/path/-/path-1.1.2.tgz#6cc2b20c5c9ad6ad0dccfd21ca7673d8d7fbf68d"
    integrity sha512-6JOcJ5Tm08dOHAbdR3GrvP+yUUfkjG5ePsHYczMFLq3ZmMkAD98cDgcT2iA1lJ9NVwFd4tH/iSSoe44YWkltEA==
  
  "@protobufjs/pool@^1.1.0":
    version "1.1.0"
    resolved "https://registry.yarnpkg.com/@protobufjs/pool/-/pool-1.1.0.tgz#09fd15f2d6d3abfa9b65bc366506d6ad7846ff54"
    integrity sha512-0kELaGSIDBKvcgS4zkjz1PeddatrjYcmMWOlAuAPwAeccUrPHdUqo/J6LiymHHEiJT5NrF1UVwxY14f+fy4WQw==
  
  "@protobufjs/utf8@^1.1.0":
    version "1.1.0"
    resolved "https://registry.yarnpkg.com/@protobufjs/utf8/-/utf8-1.1.0.tgz#a777360b5b39a1a2e5106f8e858f2fd2d060c570"
    integrity sha512-Vvn3zZrhQZkkBE8LSuW3em98c0FwgO4nxzv6OdSxPKJIEKY2bGbHn+mhGIPerzI4twdxaP8/0+06HBpwf345Lw==
  
  "@readme/better-ajv-errors@^1.6.0":
    version "1.6.0"
    resolved "https://registry.npmjs.org/@readme/better-ajv-errors/-/better-ajv-errors-1.6.0.tgz"
    integrity sha512-9gO9rld84Jgu13kcbKRU+WHseNhaVt76wYMeRDGsUGYxwJtI3RmEJ9LY9dZCYQGI8eUZLuxb5qDja0nqklpFjQ==
    dependencies:
      "@babel/code-frame" "^7.16.0"
      "@babel/runtime" "^7.21.0"
      "@humanwhocodes/momoa" "^2.0.3"
      chalk "^4.1.2"
      json-to-ast "^2.0.3"
      jsonpointer "^5.0.0"
      leven "^3.1.0"
  
  "@readme/data-urls@^1.0.1":
    version "1.0.1"
    resolved "https://registry.npmjs.org/@readme/data-urls/-/data-urls-1.0.1.tgz"
    integrity sha512-FNP4ntG5rCgmrvQGoNH/Ljivc6jSWaaVeMuXneOyQ6oLuhm/NkysXJN3DnBrIsJUJbSae7qIs2QfPYnaropoHw==
  
  "@readme/http-status-codes@^7.2.0":
    version "7.2.0"
    resolved "https://registry.npmjs.org/@readme/http-status-codes/-/http-status-codes-7.2.0.tgz"
    integrity sha512-/dBh9qw3QhJYqlGwt2I+KUP/lQ6nytdCx3aq+GpMUhibLHF3O7fwoowNcTwlbnwtyJ+TJYTIIrp3oVUlRNx3fA==
  
  "@readme/json-schema-ref-parser@^1.2.0":
    version "1.2.0"
    resolved "https://registry.npmjs.org/@readme/json-schema-ref-parser/-/json-schema-ref-parser-1.2.0.tgz"
    integrity sha512-Bt3QVovFSua4QmHa65EHUmh2xS0XJ3rgTEUPH998f4OW4VVJke3BuS16f+kM0ZLOGdvIrzrPRqwihuv5BAjtrA==
    dependencies:
      "@jsdevtools/ono" "^7.1.3"
      "@types/json-schema" "^7.0.6"
      call-me-maybe "^1.0.1"
      js-yaml "^4.1.0"
  
  "@readme/oas-extensions@^17.0.1":
    version "17.0.1"
    resolved "https://registry.npmjs.org/@readme/oas-extensions/-/oas-extensions-17.0.1.tgz"
    integrity sha512-PCU7WLz8TkbdxsiE4eQGvJYDYZQPiyLhXme3SvLboSmH+8G6AJPJ5OymzSAdlf5sXpSSoD2q3dTIou3Cb2DirQ==
  
  "@readme/oas-to-har@^20.0.2":
    version "20.1.1"
    resolved "https://registry.npmjs.org/@readme/oas-to-har/-/oas-to-har-20.1.1.tgz"
    integrity sha512-rz8YpdZw+Jqrd8VQhQaYrzctkCAYdBldoQ5qDQyF9vGvq2lpA1yMvQPgKCJXfPGXH8Cm+NjLbunxnYabKQeKeA==
    dependencies:
      "@readme/data-urls" "^1.0.1"
      "@readme/oas-extensions" "^17.0.1"
      oas "^20.5.0"
      qs "^6.10.5"
      remove-undefined-objects "^2.0.2"
  
  "@readme/openapi-parser@^2.4.0", "@readme/openapi-parser@^2.5.0":
    version "2.5.0"
    resolved "https://registry.npmjs.org/@readme/openapi-parser/-/openapi-parser-2.5.0.tgz"
    integrity sha512-IbymbOqRuUzoIgxfAAR7XJt2FWl6n2yqN09fF5adacGm7W03siA3bj1Emql0X9D2T+RpBYz3x9zDsMhuoMP62A==
    dependencies:
      "@apidevtools/openapi-schemas" "^2.1.0"
      "@apidevtools/swagger-methods" "^3.0.2"
      "@jsdevtools/ono" "^7.1.3"
      "@readme/better-ajv-errors" "^1.6.0"
      "@readme/json-schema-ref-parser" "^1.2.0"
      ajv "^8.12.0"
      ajv-draft-04 "^1.0.0"
      call-me-maybe "^1.0.1"
  
  "@readme/postman-to-openapi@^4.1.0":
    version "4.1.0"
    resolved "https://registry.npmjs.org/@readme/postman-to-openapi/-/postman-to-openapi-4.1.0.tgz"
    integrity sha512-VvV2Hzjskz01m8doSn7Ypt6cSZzgjnypVqXy1ipThbyYD6SGiM74VSePXykOODj/43Y2m6zeYedPk/ZLts/HvQ==
    dependencies:
      "@readme/http-status-codes" "^7.2.0"
      js-yaml "^4.1.0"
      jsonc-parser "3.2.0"
      lodash.camelcase "^4.3.0"
      marked "^4.3.0"
      mustache "^4.2.0"
  
  "@tootallnate/once@2":
    version "2.0.0"
    resolved "https://registry.yarnpkg.com/@tootallnate/once/-/once-2.0.0.tgz#f544a148d3ab35801c1f633a7441fd87c2e484bf"
    integrity sha512-XCuKFP5PS55gnMVu3dty8KPatLqUoy/ZYzDzAGCQ8JNFCkLXzmI7vNHCR+XpbZaMWQK/vQubr7PkYq8g470J/A==
  
  "@ts-morph/common@~0.18.0":
    version "0.18.1"
    resolved "https://registry.npmjs.org/@ts-morph/common/-/common-0.18.1.tgz"
    integrity sha512-RVE+zSRICWRsfrkAw5qCAK+4ZH9kwEFv5h0+/YeHTLieWP7F4wWq4JsKFuNWG+fYh/KF+8rAtgdj5zb2mm+DVA==
    dependencies:
      fast-glob "^3.2.12"
      minimatch "^5.1.0"
      mkdirp "^1.0.4"
      path-browserify "^1.0.1"
  
  "@types/body-parser@*":
    version "1.19.5"
    resolved "https://registry.yarnpkg.com/@types/body-parser/-/body-parser-1.19.5.tgz#04ce9a3b677dc8bd681a17da1ab9835dc9d3ede4"
    integrity sha512-fB3Zu92ucau0iQ0JMCFQE7b/dv8Ot07NI3KaZIkIUNXq82k4eBAqUaneXfleGY9JWskeS9y+u0nXMyspcuQrCg==
    dependencies:
      "@types/connect" "*"
      "@types/node" "*"
  
  "@types/caseless@*":
    version "0.12.5"
    resolved "https://registry.yarnpkg.com/@types/caseless/-/caseless-0.12.5.tgz#db9468cb1b1b5a925b8f34822f1669df0c5472f5"
    integrity sha512-hWtVTC2q7hc7xZ/RLbxapMvDMgUnDvKvMOpKal4DrMyfGBUfB1oKaZlIRr6mJL+If3bAP6sV/QneGzF6tJjZDg==
  
  "@types/connect@*":
    version "3.4.38"
    resolved "https://registry.yarnpkg.com/@types/connect/-/connect-3.4.38.tgz#5ba7f3bc4fbbdeaff8dded952e5ff2cc53f8d858"
    integrity sha512-K6uROf1LD88uDQqJCktA4yzL1YYAK6NgfsI0v/mTgyPKWsX1CnJ0XPSDhViejru1GcRkLWb8RlzFYJRqGUbaug==
    dependencies:
      "@types/node" "*"
  
  "@types/express-serve-static-core@^4.17.33":
    version "4.19.1"
    resolved "https://registry.yarnpkg.com/@types/express-serve-static-core/-/express-serve-static-core-4.19.1.tgz#57d34698bb580720fd6e3c360d4b2fdef579b979"
    integrity sha512-ej0phymbFLoCB26dbbq5PGScsf2JAJ4IJHjG10LalgUV36XKTmA4GdA+PVllKvRk0sEKt64X8975qFnkSi0hqA==
    dependencies:
      "@types/node" "*"
      "@types/qs" "*"
      "@types/range-parser" "*"
      "@types/send" "*"
  
  "@types/express@^4.17.17":
    version "4.17.21"
    resolved "https://registry.yarnpkg.com/@types/express/-/express-4.17.21.tgz#c26d4a151e60efe0084b23dc3369ebc631ed192d"
    integrity sha512-ejlPM315qwLpaQlQDTjPdsUFSc6ZsP4AN6AlWnogPjQ7CVi7PYF3YVz+CY3jE2pwYf7E/7HlDAN0rV2GxTG0HQ==
    dependencies:
      "@types/body-parser" "*"
      "@types/express-serve-static-core" "^4.17.33"
      "@types/qs" "*"
      "@types/serve-static" "*"
  
  "@types/har-format@^1.2.8":
    version "1.2.15"
    resolved "https://registry.npmjs.org/@types/har-format/-/har-format-1.2.15.tgz"
    integrity sha512-RpQH4rXLuvTXKR0zqHq3go0RVXYv/YVqv4TnPH95VbwUxZdQlK1EtcMvQvMpDngHbt13Csh9Z4qT9AbkiQH5BA==
  
  "@types/http-errors@*":
    version "2.0.4"
    resolved "https://registry.yarnpkg.com/@types/http-errors/-/http-errors-2.0.4.tgz#7eb47726c391b7345a6ec35ad7f4de469cf5ba4f"
    integrity sha512-D0CFMMtydbJAegzOyHjtiKPLlvnm3iTZyZRSZoLq2mRhDdmLfIWOCYPfQJ4cu2erKghU++QvjcUjp/5h7hESpA==
  
  "@types/json-schema@^7.0.11", "@types/json-schema@^7.0.6", "@types/json-schema@^7.0.9":
    version "7.0.15"
    resolved "https://registry.npmjs.org/@types/json-schema/-/json-schema-7.0.15.tgz"
    integrity sha512-5+fP8P8MFNC+AyZCDxrB2pkZFPGzqQWUzpSeuuVLvm8VMcorNYavBqoFcxK8bQz4Qsbn4oUEEem4wDLfcysGHA==
  
  "@types/json5@^0.0.29":
    version "0.0.29"
    resolved "https://registry.npmjs.org/@types/json5/-/json5-0.0.29.tgz"
    integrity sha512-dRLjCWHYg4oaA77cxO64oO+7JwCwnIzkZPdrrC71jQmQtlhM556pwKo5bUzqvZndkVbeFLIIi+9TC40JNF5hNQ==
  
  "@types/jsonwebtoken@^9.0.2":
    version "9.0.6"
    resolved "https://registry.yarnpkg.com/@types/jsonwebtoken/-/jsonwebtoken-9.0.6.tgz#d1af3544d99ad992fb6681bbe60676e06b032bd3"
    integrity sha512-/5hndP5dCjloafCXns6SZyESp3Ldq7YjH3zwzwczYnjxIT0Fqzk5ROSYVGfFyczIue7IUEj8hkvLbPoLQ18vQw==
    dependencies:
      "@types/node" "*"
  
  "@types/long@^4.0.0":
    version "4.0.2"
    resolved "https://registry.yarnpkg.com/@types/long/-/long-4.0.2.tgz#b74129719fc8d11c01868010082d483b7545591a"
    integrity sha512-MqTGEo5bj5t157U6fA/BiDynNkn0YknVdh48CMPkTSpFTVmvao5UQmm7uEF6xBEo7qIMAlY/JSleYaE6VOdpaA==
  
  "@types/mime@^1":
    version "1.3.5"
    resolved "https://registry.yarnpkg.com/@types/mime/-/mime-1.3.5.tgz#1ef302e01cf7d2b5a0fa526790c9123bf1d06690"
    integrity sha512-/pyBZWSLD2n0dcHE3hq8s8ZvcETHtEuF+3E7XVt0Ig2nvsVQXdghHVcEkIWjy9A0wKfTn97a/PSDYohKIlnP/w==
  
  "@types/minimist@^1.2.2":
    version "1.2.2"
    resolved "https://registry.npmjs.org/@types/minimist/-/minimist-1.2.2.tgz"
    integrity sha512-jhuKLIRrhvCPLqwPcx6INqmKeiA5EWrsCOPhrlFSrbrmU4ZMPjj5Ul/oLCMDO98XRUIwVm78xICz4EPCektzeQ==
  
  "@types/node@*":
    version "20.3.3"
    resolved "https://registry.npmjs.org/@types/node/-/node-20.3.3.tgz"
    integrity sha512-wheIYdr4NYML61AjC8MKj/2jrR/kDQri/CIpVoZwldwhnIrD/j9jIU5bJ8yBKuB2VhpFV7Ab6G2XkBjv9r9Zzw==
  
  "@types/node@>=13.7.0", "@types/node@^20.10.3":
    version "20.12.12"
    resolved "https://registry.yarnpkg.com/@types/node/-/node-20.12.12.tgz#7cbecdf902085cec634fdb362172dfe12b8f2050"
    integrity sha512-eWLDGF/FOSPtAvEqeRAQ4C8LSA7M1I7i0ky1I8U7kD1J5ITyW3AsRhQrKVoWf5pFKZ2kILsEGJhsI9r93PYnOw==
    dependencies:
      undici-types "~5.26.4"
  
  "@types/normalize-package-data@^2.4.0":
    version "2.4.1"
    resolved "https://registry.npmjs.org/@types/normalize-package-data/-/normalize-package-data-2.4.1.tgz"
    integrity sha512-Gj7cI7z+98M282Tqmp2K5EIsoouUEzbBJhQQzDE3jSIRk6r9gsz0oUokqIUR4u1R3dMHo0pDHM7sNOHyhulypw==
  
  "@types/qs@*":
    version "6.9.15"
    resolved "https://registry.yarnpkg.com/@types/qs/-/qs-6.9.15.tgz#adde8a060ec9c305a82de1babc1056e73bd64dce"
    integrity sha512-uXHQKES6DQKKCLh441Xv/dwxOq1TVS3JPUMlEqoEglvlhR6Mxnlew/Xq/LRVHpLyk7iK3zODe1qYHIMltO7XGg==
  
  "@types/range-parser@*":
    version "1.2.7"
    resolved "https://registry.yarnpkg.com/@types/range-parser/-/range-parser-1.2.7.tgz#50ae4353eaaddc04044279812f52c8c65857dbcb"
    integrity sha512-hKormJbkJqzQGhziax5PItDUTMAM9uE2XXQmM37dyd4hVM+5aVl7oVxMVUiVQn2oCQFN/LKCZdvSM0pFRqbSmQ==
  
  "@types/request@^2.48.8":
    version "2.48.12"
    resolved "https://registry.yarnpkg.com/@types/request/-/request-2.48.12.tgz#0f590f615a10f87da18e9790ac94c29ec4c5ef30"
    integrity sha512-G3sY+NpsA9jnwm0ixhAFQSJ3Q9JkpLZpJbI3GMv0mIAT0y3mRabYeINzal5WOChIiaTEGQYlHOKgkaM9EisWHw==
    dependencies:
      "@types/caseless" "*"
      "@types/node" "*"
      "@types/tough-cookie" "*"
      form-data "^2.5.0"
  
  "@types/send@*":
    version "0.17.4"
    resolved "https://registry.yarnpkg.com/@types/send/-/send-0.17.4.tgz#6619cd24e7270793702e4e6a4b958a9010cfc57a"
    integrity sha512-x2EM6TJOybec7c52BX0ZspPodMsQUd5L6PRwOunVyVUhXiBSKf3AezDL8Dgvgt5o0UfKNfuA0eMLr2wLT4AiBA==
    dependencies:
      "@types/mime" "^1"
      "@types/node" "*"
  
  "@types/serve-static@*":
    version "1.15.7"
    resolved "https://registry.yarnpkg.com/@types/serve-static/-/serve-static-1.15.7.tgz#22174bbd74fb97fe303109738e9b5c2f3064f714"
    integrity sha512-W8Ym+h8nhuRwaKPaDw34QUkwsGi6Rc4yYqvKFo5rm2FUEhCFbzVWrxXUxuKK8TASjWsysJY0nsmNCGhCOIsrOw==
    dependencies:
      "@types/http-errors" "*"
      "@types/node" "*"
      "@types/send" "*"
  
  "@types/tough-cookie@*":
    version "4.0.5"
    resolved "https://registry.yarnpkg.com/@types/tough-cookie/-/tough-cookie-4.0.5.tgz#cb6e2a691b70cb177c6e3ae9c1d2e8b2ea8cd304"
    integrity sha512-/Ad8+nIOV7Rl++6f1BdKxFSMgmoqEoYbHRpPcx3JEfv8VRsQe9Z4mCXeJBzxs7mbHY/XOZZuXlRNfhpVPbs6ZA==
  
  "@types/webidl-conversions@*":
    version "7.0.0"
    resolved "https://registry.npmjs.org/@types/webidl-conversions/-/webidl-conversions-7.0.0.tgz"
    integrity sha512-xTE1E+YF4aWPJJeUzaZI5DRntlkY3+BCVJi0axFptnjGmAoWxkyREIh/XMrfxVLejwQxMCfDXdICo0VLxThrog==
  
  "@types/whatwg-url@^8.2.1":
    version "8.2.2"
    resolved "https://registry.npmjs.org/@types/whatwg-url/-/whatwg-url-8.2.2.tgz"
    integrity sha512-FtQu10RWgn3D9U4aazdwIE2yzphmTJREDqNdODHrbrZmmMqI0vMheC/6NE/J1Yveaj8H+ela+YwWTjq5PGmuhA==
    dependencies:
      "@types/node" "*"
      "@types/webidl-conversions" "*"
  
  abbrev@1:
    version "1.1.1"
    resolved "https://registry.npmjs.org/abbrev/-/abbrev-1.1.1.tgz"
    integrity sha512-nne9/IiQ/hzIhY6pdDnbBtz7DjPTKrY00P/zvPSm5pOFkl6xuGrGnXn/VtTNNfNtAfZ9/1RtehkszU9qcTii0Q==
  
  abort-controller@^3.0.0:
    version "3.0.0"
    resolved "https://registry.yarnpkg.com/abort-controller/-/abort-controller-3.0.0.tgz#eaf54d53b62bae4138e809ca225c8439a6efb392"
    integrity sha512-h8lQ8tacZYnR3vNQTgibj+tODHI5/+l06Au2Pcriv/Gmet0eaj4TwWH41sO9wnHDiQsEj19q0drzdWdeAHtweg==
    dependencies:
      event-target-shim "^5.0.0"
  
  accepts@~1.3.8:
    version "1.3.8"
    resolved "https://registry.npmjs.org/accepts/-/accepts-1.3.8.tgz"
    integrity sha512-PYAthTa2m2VKxuvSD3DPC/Gy+U+sOA1LAuT8mkmRuvw+NACSaeXEQ+NHcVF7rONl6qcaxV3Uuemwawk+7+SJLw==
    dependencies:
      mime-types "~2.1.34"
      negotiator "0.6.3"
  
  acorn-jsx@^5.3.2:
    version "5.3.2"
    resolved "https://registry.npmjs.org/acorn-jsx/-/acorn-jsx-5.3.2.tgz"
    integrity sha512-rq9s+JNhf0IChjtDXxllJ7g41oZk5SlXtp0LHwyA5cejwn7vKmKp4pPri6YEePv2PU65sAsegbXtIinmDFDXgQ==
  
  acorn@^8.9.0:
    version "8.10.0"
    resolved "https://registry.npmjs.org/acorn/-/acorn-8.10.0.tgz"
    integrity sha512-F0SAmZ8iUtS//m8DmCTA0jlh6TDKkHQyK6xc6V4KDTyZKA9dnvX9/3sRTVQrWm79glUAZbnmmNcdYwUIHWVybw==
  
  agent-base@6:
    version "6.0.2"
    resolved "https://registry.yarnpkg.com/agent-base/-/agent-base-6.0.2.tgz#49fff58577cfee3f37176feab4c22e00f86d7f77"
    integrity sha512-RZNwNclF7+MS/8bDg70amg32dyeZGZxiDuQmZxKLAlQjr3jGyLx+4Kkk58UO7D2QdgFIQCovuSuZESne6RG6XQ==
    dependencies:
      debug "4"
  
  agent-base@^7.0.2:
    version "7.1.1"
    resolved "https://registry.yarnpkg.com/agent-base/-/agent-base-7.1.1.tgz#bdbded7dfb096b751a2a087eeeb9664725b2e317"
    integrity sha512-H0TSyFNDMomMNJQBn8wFV5YC/2eJ+VXECwOadZJT554xP6cODZHPX3H9QMQECxvrgiSOP1pHjy1sMWQVYJOUOA==
    dependencies:
      debug "^4.3.4"
  
  ajv-draft-04@^1.0.0:
    version "1.0.0"
    resolved "https://registry.npmjs.org/ajv-draft-04/-/ajv-draft-04-1.0.0.tgz"
    integrity sha512-mv00Te6nmYbRp5DCwclxtt7yV/joXJPGS7nM+97GdxvuttCOfgI3K4U25zboyeX0O+myI8ERluxQe5wljMmVIw==
  
  ajv@^6.12.4:
    version "6.12.6"
    resolved "https://registry.npmjs.org/ajv/-/ajv-6.12.6.tgz"
    integrity sha512-j3fVLgvTo527anyYyJOGTYJbG+vnnQYvE0m5mmkc1TK+nxAppkCLMIL0aZ4dblVCNoGShhm+kzE4ZUykBoMg4g==
    dependencies:
      fast-deep-equal "^3.1.1"
      fast-json-stable-stringify "^2.0.0"
      json-schema-traverse "^0.4.1"
      uri-js "^4.2.2"
  
  ajv@^8.0.1, ajv@^8.12.0:
    version "8.12.0"
    resolved "https://registry.npmjs.org/ajv/-/ajv-8.12.0.tgz"
    integrity sha512-sRu1kpcO9yLtYxBKvqfTeh9KzZEwO3STyX1HT+4CaDzC6HpTGYhIhPIzj9XuKU7KYDwnaeh5hcOwjy1QuJzBPA==
    dependencies:
      fast-deep-equal "^3.1.1"
      json-schema-traverse "^1.0.0"
      require-from-string "^2.0.2"
      uri-js "^4.2.2"
  
  ansi-regex@^5.0.1:
    version "5.0.1"
    resolved "https://registry.npmjs.org/ansi-regex/-/ansi-regex-5.0.1.tgz"
    integrity sha512-quJQXlTSUGL2LH9SUXo8VwsY4soanhgo6LNSm84E1LBcE8s3O0wpdiRzyR9z/ZZJMlMWv37qOOb9pdJlMUEKFQ==
  
  ansi-styles@^3.2.1:
    version "3.2.1"
    resolved "https://registry.npmjs.org/ansi-styles/-/ansi-styles-3.2.1.tgz"
    integrity sha512-VT0ZI6kZRdTh8YyJw3SMbYm/u+NqfsAxEpWO0Pf9sq8/e94WxxOpPKx9FR1FlyCtOVDNOQ+8ntlqFxiRc+r5qA==
    dependencies:
      color-convert "^1.9.0"
  
  ansi-styles@^4.0.0, ansi-styles@^4.1.0:
    version "4.3.0"
    resolved "https://registry.npmjs.org/ansi-styles/-/ansi-styles-4.3.0.tgz"
    integrity sha512-zbB9rCJAT1rbjiVDb2hqKFHNYLxgtk8NURxZ3IZwD3F6NtxbXZQCnnSi1Lkx+IDohdPlFp222wVALIheZJQSEg==
    dependencies:
      color-convert "^2.0.1"
  
  any-promise@^1.0.0:
    version "1.3.0"
    resolved "https://registry.npmjs.org/any-promise/-/any-promise-1.3.0.tgz"
    integrity sha512-7UvmKalWRt1wgjL1RrGxoSJW/0QZFIegpeGvZG9kjp8vrRu55XTHbwnqq2GpXm9uLbcuhxm3IqX9OB4MZR1b2A==
  
  anymatch@~3.1.2:
    version "3.1.3"
    resolved "https://registry.npmjs.org/anymatch/-/anymatch-3.1.3.tgz"
    integrity sha512-KMReFUr0B4t+D+OBkjR3KYqvocp2XaSzO55UcB6mgQMd3KbcE+mWTyvVV7D/zsdEbNnV6acZUutkiHQXvTr1Rw==
    dependencies:
      normalize-path "^3.0.0"
      picomatch "^2.0.4"
  
  api@^6.1.1:
    version "6.1.1"
    resolved "https://registry.npmjs.org/api/-/api-6.1.1.tgz"
    integrity sha512-we3fnLinpYWlKOHdX4S/Ky9gZvColCnht/qhtv04K2jQbrC/z4SxvZVAT8W8PCC5NLLU4H35r3u4Lt77ZaiY9w==
    dependencies:
      "@readme/oas-to-har" "^20.0.2"
      "@readme/openapi-parser" "^2.4.0"
      caseless "^0.12.0"
      chalk "^4.1.2"
      commander "^10.0.0"
      datauri "^4.1.0"
      execa "^5.1.1"
      fetch-har "^8.1.5"
      figures "^3.2.0"
      find-cache-dir "^3.3.1"
      form-data-encoder "^1.7.2"
      formdata-node "^4.3.2"
      get-stream "^6.0.1"
      isomorphic-fetch "^3.0.0"
      js-yaml "^4.1.0"
      json-schema-to-ts "^2.6.2-beta.0"
      json-schema-traverse "^1.0.0"
      lodash.camelcase "^4.3.0"
      lodash.deburr "^4.1.0"
      lodash.merge "^4.6.2"
      lodash.setwith "^4.3.2"
      lodash.startcase "^4.4.0"
      make-dir "^3.1.0"
      node-abort-controller "^3.1.1"
      oas "^20.4.0"
      ora "^5.4.1"
      prompts "^2.4.2"
      remove-undefined-objects "^2.0.2"
      semver "^7.3.8"
      ssri "^10.0.1"
      ts-morph "^17.0.1"
      validate-npm-package-name "^5.0.0"
  
  append-field@^1.0.0:
    version "1.0.0"
    resolved "https://registry.npmjs.org/append-field/-/append-field-1.0.0.tgz"
    integrity sha512-klpgFSWLW1ZEs8svjfb7g4qWY0YS5imI82dTg+QahUvJ8YqAY0P10Uk8tTyh9ZGuYEZEMaeJYCF5BFuX552hsw==
  
  argparse@^2.0.1:
    version "2.0.1"
    resolved "https://registry.npmjs.org/argparse/-/argparse-2.0.1.tgz"
    integrity sha512-8+9WqebbFzpX9OR+Wa6O29asIogeRMzcGtAINdpMHHyAg10f05aSFVBbcEqGf/PXw1EjAZ+q2/bEBg3DvurK3Q==
  
  array-buffer-byte-length@^1.0.0:
    version "1.0.0"
    resolved "https://registry.npmjs.org/array-buffer-byte-length/-/array-buffer-byte-length-1.0.0.tgz"
    integrity sha512-LPuwb2P+NrQw3XhxGc36+XSvuBPopovXYTR9Ew++Du9Yb/bx5AzBfrIsBoj0EZUifjQU+sHL21sseZ3jerWO/A==
    dependencies:
      call-bind "^1.0.2"
      is-array-buffer "^3.0.1"
  
  array-flatten@1.1.1:
    version "1.1.1"
    resolved "https://registry.npmjs.org/array-flatten/-/array-flatten-1.1.1.tgz"
    integrity sha512-PCVAQswWemu6UdxsDFFX/+gVeYqKAod3D3UVm91jHwynguOwAvYPhx8nNlM++NqRcK6CxxpUafjmhIdKiHibqg==
  
  array-includes@^3.1.6:
    version "3.1.6"
    resolved "https://registry.npmjs.org/array-includes/-/array-includes-3.1.6.tgz"
    integrity sha512-sgTbLvL6cNnw24FnbaDyjmvddQ2ML8arZsgaJhoABMoplz/4QRhtrYS+alr1BUM1Bwp6dhx8vVCBSLG+StwOFw==
    dependencies:
      call-bind "^1.0.2"
      define-properties "^1.1.4"
      es-abstract "^1.20.4"
      get-intrinsic "^1.1.3"
      is-string "^1.0.7"
  
  array-union@^2.1.0:
    version "2.1.0"
    resolved "https://registry.npmjs.org/array-union/-/array-union-2.1.0.tgz"
    integrity sha512-HGyxoOTYUyCM6stUe6EJgnd4EoewAI7zMdfqO+kGjnlZmBDz/cR5pf8r/cR4Wq60sL/p0IkcjUEEPwS3GFrIyw==
  
  array.prototype.findlastindex@^1.2.2:
    version "1.2.3"
    resolved "https://registry.npmjs.org/array.prototype.findlastindex/-/array.prototype.findlastindex-1.2.3.tgz"
    integrity sha512-LzLoiOMAxvy+Gd3BAq3B7VeIgPdo+Q8hthvKtXybMvRV0jrXfJM/t8mw7nNlpEcVlVUnCnM2KSX4XU5HmpodOA==
    dependencies:
      call-bind "^1.0.2"
      define-properties "^1.2.0"
      es-abstract "^1.22.1"
      es-shim-unscopables "^1.0.0"
      get-intrinsic "^1.2.1"
  
  array.prototype.flat@^1.3.1:
    version "1.3.1"
    resolved "https://registry.npmjs.org/array.prototype.flat/-/array.prototype.flat-1.3.1.tgz"
    integrity sha512-roTU0KWIOmJ4DRLmwKd19Otg0/mT3qPNt0Qb3GWW8iObuZXxrjB/pzn0R3hqpRSWg4HCwqx+0vwOnWnvlOyeIA==
    dependencies:
      call-bind "^1.0.2"
      define-properties "^1.1.4"
      es-abstract "^1.20.4"
      es-shim-unscopables "^1.0.0"
  
  array.prototype.flatmap@^1.3.1:
    version "1.3.1"
    resolved "https://registry.npmjs.org/array.prototype.flatmap/-/array.prototype.flatmap-1.3.1.tgz"
    integrity sha512-8UGn9O1FDVvMNB0UlLv4voxRMze7+FpHyF5mSMRjWHUMlpoDViniy05870VlxhfgTnLbpuwTzvD76MTtWxB/mQ==
    dependencies:
      call-bind "^1.0.2"
      define-properties "^1.1.4"
      es-abstract "^1.20.4"
      es-shim-unscopables "^1.0.0"
  
  arraybuffer.prototype.slice@^1.0.2:
    version "1.0.2"
    resolved "https://registry.npmjs.org/arraybuffer.prototype.slice/-/arraybuffer.prototype.slice-1.0.2.tgz"
    integrity sha512-yMBKppFur/fbHu9/6USUe03bZ4knMYiwFBcyiaXB8Go0qNehwX6inYPzK9U0NeQvGxKthcmHcaR8P5MStSRBAw==
    dependencies:
      array-buffer-byte-length "^1.0.0"
      call-bind "^1.0.2"
      define-properties "^1.2.0"
      es-abstract "^1.22.1"
      get-intrinsic "^1.2.1"
      is-array-buffer "^3.0.2"
      is-shared-array-buffer "^1.0.2"
  
  arrify@^1.0.1:
    version "1.0.1"
    resolved "https://registry.npmjs.org/arrify/-/arrify-1.0.1.tgz"
    integrity sha512-3CYzex9M9FGQjCGMGyi6/31c8GJbgb0qGyrx5HWxPd0aCwh4cB2YjMb2Xf9UuoogrMrlO9cTqnB5rI5GHZTcUA==
  
  arrify@^2.0.0:
    version "2.0.1"
    resolved "https://registry.yarnpkg.com/arrify/-/arrify-2.0.1.tgz#c9655e9331e0abcd588d2a7cad7e9956f66701fa"
    integrity sha512-3duEwti880xqi4eAMN8AyR4a0ByT90zoYdLlevfrvU43vb0YZwZVfxOgxWrLXXXpyugL0hNZc9G6BiB5B3nUug==
  
  astral-regex@^2.0.0:
    version "2.0.0"
    resolved "https://registry.npmjs.org/astral-regex/-/astral-regex-2.0.0.tgz"
    integrity sha512-Z7tMw1ytTXt5jqMcOP+OQteU1VuNK9Y02uuJtKQ1Sv69jXQKKg5cibLwGJow8yzZP+eAc18EmLGPal0bp36rvQ==
  
  async-retry@^1.3.3:
    version "1.3.3"
    resolved "https://registry.yarnpkg.com/async-retry/-/async-retry-1.3.3.tgz#0e7f36c04d8478e7a58bdbed80cedf977785f280"
    integrity sha512-wfr/jstw9xNi/0teMHrRW7dsz3Lt5ARhYNZ2ewpadnhaIp5mbALhOAP+EAdsC7t4Z6wqsDVv9+W6gm1Dk9mEyw==
    dependencies:
      retry "0.13.1"
  
  asynckit@^0.4.0:
    version "0.4.0"
    resolved "https://registry.yarnpkg.com/asynckit/-/asynckit-0.4.0.tgz#c79ed97f7f34cb8f2ba1bc9790bcc366474b4b79"
    integrity sha512-Oei9OH4tRh0YqU3GxhX79dM/mwVgvbZJaSNaRk+bshkj0S5cfHcgYakreBjrHwatXKbz+IoIdYLxrKim2MjW0Q==
  
  available-typed-arrays@^1.0.5:
    version "1.0.5"
    resolved "https://registry.npmjs.org/available-typed-arrays/-/available-typed-arrays-1.0.5.tgz"
    integrity sha512-DMD0KiN46eipeziST1LPP/STfDU0sufISXmjSgvVsoU2tqxctQeASejWcfNtxYKqETM1UxQ8sp2OrSBWpHY6sw==
  
  balanced-match@^1.0.0:
    version "1.0.2"
    resolved "https://registry.npmjs.org/balanced-match/-/balanced-match-1.0.2.tgz"
    integrity sha512-3oSeUO0TMV67hN1AmbXsK4yaqU7tjiHlbxRDZOpH0KW9+CeX4bRAaX0Anxt0tx2MrpRpWwQaPwIlISEJhYU5Pw==
  
  balanced-match@^2.0.0:
    version "2.0.0"
    resolved "https://registry.npmjs.org/balanced-match/-/balanced-match-2.0.0.tgz"
    integrity sha512-1ugUSr8BHXRnK23KfuYS+gVMC3LB8QGH9W1iGtDPsNWoQbgtXSExkBu2aDR4epiGWZOjZsj6lDl/N/AqqTC3UA==
  
  base64-js@^1.3.0, base64-js@^1.3.1:
    version "1.5.1"
    resolved "https://registry.npmjs.org/base64-js/-/base64-js-1.5.1.tgz"
    integrity sha512-AKpaYlHn8t4SVbOHCy+b5+KKgvR4vrsD8vbvrbiQJps7fKDTkjkDry6ji0rUJjC0kzbNePLwzxq8iypo41qeWA==
  
  basic-auth@~2.0.1:
    version "2.0.1"
    resolved "https://registry.npmjs.org/basic-auth/-/basic-auth-2.0.1.tgz"
    integrity sha512-NF+epuEdnUYVlGuhaxbbq+dvJttwLnGY+YixlXlME5KpQ5W3CnXA5cVTneY3SPbPDRkcjMbifrwmFYcClgOZeg==
    dependencies:
      safe-buffer "5.1.2"
  
  bcryptjs@^2.4.3:
    version "2.4.3"
    resolved "https://registry.npmjs.org/bcryptjs/-/bcryptjs-2.4.3.tgz"
    integrity sha512-V/Hy/X9Vt7f3BbPJEi8BdVFMByHi+jNXrYkW3huaybV/kQ0KJg0Y6PkEMbn+zeT+i+SiKZ/HMqJGIIt4LZDqNQ==
  
  bignumber.js@^9.0.0:
    version "9.1.2"
    resolved "https://registry.yarnpkg.com/bignumber.js/-/bignumber.js-9.1.2.tgz#b7c4242259c008903b13707983b5f4bbd31eda0c"
    integrity sha512-2/mKyZH9K85bzOEfhXDBFZTGd1CTs+5IHpeFQo9luiBG7hghdC851Pj2WAhb6E3R6b9tZj/XKhbg4fum+Kepug==
  
  binary-extensions@^2.0.0:
    version "2.2.0"
    resolved "https://registry.npmjs.org/binary-extensions/-/binary-extensions-2.2.0.tgz"
    integrity sha512-jDctJ/IVQbZoJykoeHbhXpOlNBqGNcwXJKJog42E5HDPUwQTSdjCHdihjj0DlnheQ7blbT6dHOafNAiS8ooQKA==
  
  bl@^4.0.3, bl@^4.1.0:
    version "4.1.0"
    resolved "https://registry.npmjs.org/bl/-/bl-4.1.0.tgz"
    integrity sha512-1W07cM9gS6DcLperZfFSj+bWLtaPGSOHWhPiGzXmvVJbRLdG82sH/Kn8EtW1VqWVA54AKf2h5k5BbnIbwF3h6w==
    dependencies:
      buffer "^5.5.0"
      inherits "^2.0.4"
      readable-stream "^3.4.0"
  
  body-parser@1.20.1:
    version "1.20.1"
    resolved "https://registry.npmjs.org/body-parser/-/body-parser-1.20.1.tgz"
    integrity sha512-jWi7abTbYwajOytWCQc37VulmWiRae5RyTpaCyDcS5/lMdtwSz5lOpDE67srw/HYe35f1z3fDQw+3txg7gNtWw==
    dependencies:
      bytes "3.1.2"
      content-type "~1.0.4"
      debug "2.6.9"
      depd "2.0.0"
      destroy "1.2.0"
      http-errors "2.0.0"
      iconv-lite "0.4.24"
      on-finished "2.4.1"
      qs "6.11.0"
      raw-body "2.5.1"
      type-is "~1.6.18"
      unpipe "1.0.0"
  
  body-parser@^1.20.2:
    version "1.20.2"
    resolved "https://registry.npmjs.org/body-parser/-/body-parser-1.20.2.tgz"
    integrity sha512-ml9pReCu3M61kGlqoTm2umSXTlRTuGTx0bfYj+uIUKKYycG5NtSbeetV3faSU6R7ajOPw0g/J1PvK4qNy7s5bA==
    dependencies:
      bytes "3.1.2"
      content-type "~1.0.5"
      debug "2.6.9"
      depd "2.0.0"
      destroy "1.2.0"
      http-errors "2.0.0"
      iconv-lite "0.4.24"
      on-finished "2.4.1"
      qs "6.11.0"
      raw-body "2.5.2"
      type-is "~1.6.18"
      unpipe "1.0.0"
  
  brace-expansion@^1.1.7:
    version "1.1.11"
    resolved "https://registry.npmjs.org/brace-expansion/-/brace-expansion-1.1.11.tgz"
    integrity sha512-iCuPHDFgrHX7H2vEI/5xpz07zSHB00TpugqhmYtVmMO6518mCuRMoOYFldEBl0g187ufozdaHgWKcYFb61qGiA==
    dependencies:
      balanced-match "^1.0.0"
      concat-map "0.0.1"
  
  brace-expansion@^2.0.1:
    version "2.0.1"
    resolved "https://registry.npmjs.org/brace-expansion/-/brace-expansion-2.0.1.tgz"
    integrity sha512-XnAIvQ8eM+kC6aULx6wuQiwVsnzsi9d3WxzV3FpWTGA19F621kwdbsAcFKXgKUHZWsy+mY6iL1sHTxWEFCytDA==
    dependencies:
      balanced-match "^1.0.0"
  
  braces@^3.0.2, braces@~3.0.2:
    version "3.0.2"
    resolved "https://registry.npmjs.org/braces/-/braces-3.0.2.tgz"
    integrity sha512-b8um+L1RzM3WDSzvhm6gIz1yfTbBt6YTlcEKAvsmqCZZFw46z626lVj9j1yEPW33H5H+lBQpZMP1k8l+78Ha0A==
    dependencies:
      fill-range "^7.0.1"
  
  browserslist@^4.21.9:
    version "4.21.9"
    resolved "https://registry.npmjs.org/browserslist/-/browserslist-4.21.9.tgz"
    integrity sha512-M0MFoZzbUrRU4KNfCrDLnvyE7gub+peetoTid3TBIqtunaDJyXlwhakT+/VkvSXcfIzFfK/nkCs4nmyTmxdNSg==
    dependencies:
      caniuse-lite "^1.0.30001503"
      electron-to-chromium "^1.4.431"
      node-releases "^2.0.12"
      update-browserslist-db "^1.0.11"
  
  bson@^5.4.0:
    version "5.4.0"
    resolved "https://registry.npmjs.org/bson/-/bson-5.4.0.tgz"
    integrity sha512-WRZ5SQI5GfUuKnPTNmAYPiKIof3ORXAF4IRU5UcgmivNIon01rWQlw5RUH954dpu8yGL8T59YShVddIPaU/gFA==
  
  bson@^6.1.0:
    version "6.1.0"
    resolved "https://registry.npmjs.org/bson/-/bson-6.1.0.tgz"
    integrity sha512-yiQ3KxvpVoRpx1oD1uPz4Jit9tAVTJgjdmjDKtUErkOoL9VNoF8Dd58qtAOL5E40exx2jvAT9sqdRSK/r+SHlA==
  
  buffer-equal-constant-time@1.0.1:
    version "1.0.1"
    resolved "https://registry.npmjs.org/buffer-equal-constant-time/-/buffer-equal-constant-time-1.0.1.tgz"
    integrity sha512-zRpUiDwd/xk6ADqPMATG8vc9VPrkck7T07OIx0gnjmJAnHnTVXNQG3vfvWNuiZIkwu9KrKdA1iJKfsfTVxE6NA==
  
  buffer-from@^1.0.0:
    version "1.1.2"
    resolved "https://registry.npmjs.org/buffer-from/-/buffer-from-1.1.2.tgz"
    integrity sha512-E+XQCRwSbaaiChtv6k6Dwgc+bx+Bs6vuKJHHl5kox/BaKbhiXzqQOwK4cO22yElGp2OCmjwVhT3HmxgyPGnJfQ==
  
  buffer@^5.5.0:
    version "5.7.1"
    resolved "https://registry.npmjs.org/buffer/-/buffer-5.7.1.tgz"
    integrity sha512-EHcyIPBQ4BSGlvjB16k5KgAJ27CIsHY/2JBmCRReo48y9rQ3MaUzWX3KVlBa4U7MyX02HdVj0K7C3WaB3ju7FQ==
    dependencies:
      base64-js "^1.3.1"
      ieee754 "^1.1.13"
  
  builtins@^5.0.0:
    version "5.0.1"
    resolved "https://registry.npmjs.org/builtins/-/builtins-5.0.1.tgz"
    integrity sha512-qwVpFEHNfhYJIzNRBvd2C1kyo6jz3ZSMPyyuR47OPdiKWlbYnZNyDWuyR175qDnAJLiCo5fBBqPb3RiXgWlkOQ==
    dependencies:
      semver "^7.0.0"
  
  busboy@^1.0.0:
    version "1.6.0"
    resolved "https://registry.npmjs.org/busboy/-/busboy-1.6.0.tgz"
    integrity sha512-8SFQbg/0hQ9xy3UNTB0YEnsNBbWfhf7RtnzpL7TkBiTBRfrQ9Fxcnz7VJsleJpyp6rVLvXiuORqjlHi5q+PYuA==
    dependencies:
      streamsearch "^1.1.0"
  
  bytes@3.1.2:
    version "3.1.2"
    resolved "https://registry.npmjs.org/bytes/-/bytes-3.1.2.tgz"
    integrity sha512-/Nf7TyzTx6S3yRJObOAV7956r8cr2+Oj8AC5dt8wSP3BQAoeX58NoHyCU8P8zGkNXStjTSi6fzO6F0pBdcYbEg==
  
  call-bind@^1.0.0, call-bind@^1.0.2:
    version "1.0.2"
    resolved "https://registry.npmjs.org/call-bind/-/call-bind-1.0.2.tgz"
    integrity sha512-7O+FbCihrB5WGbFYesctwmTKae6rOiIzmz1icreWJ+0aA7LJfuqhEso2T9ncpcFtzMQtzXf2QGGueWJGTYsqrA==
    dependencies:
      function-bind "^1.1.1"
      get-intrinsic "^1.0.2"
  
  call-me-maybe@^1.0.1:
    version "1.0.2"
    resolved "https://registry.npmjs.org/call-me-maybe/-/call-me-maybe-1.0.2.tgz"
    integrity sha512-HpX65o1Hnr9HH25ojC1YGs7HCQLq0GCOibSaWER0eNpgJ/Z1MZv2mTc7+xh6WOPxbRVcmgbv4hGU+uSQ/2xFZQ==
  
  callsites@^3.0.0:
    version "3.1.0"
    resolved "https://registry.npmjs.org/callsites/-/callsites-3.1.0.tgz"
    integrity sha512-P8BjAsXvZS+VIDUI11hHCQEv74YT67YUi5JJFNWIqL235sBmjX4+qx9Muvls5ivyNENctx46xQLQ3aTuE7ssaQ==
  
  camelcase-keys@^7.0.0:
    version "7.0.2"
    resolved "https://registry.npmjs.org/camelcase-keys/-/camelcase-keys-7.0.2.tgz"
    integrity sha512-Rjs1H+A9R+Ig+4E/9oyB66UC5Mj9Xq3N//vcLf2WzgdTi/3gUu3Z9KoqmlrEG4VuuLK8wJHofxzdQXz/knhiYg==
    dependencies:
      camelcase "^6.3.0"
      map-obj "^4.1.0"
      quick-lru "^5.1.1"
      type-fest "^1.2.1"
  
  camelcase@^6.3.0:
    version "6.3.0"
    resolved "https://registry.npmjs.org/camelcase/-/camelcase-6.3.0.tgz"
    integrity sha512-Gmy6FhYlCY7uOElZUSbxo2UCDH8owEk996gkbrpsgGtrJLM3J7jGxl9Ic7Qwwj4ivOE5AWZWRMecDdF7hqGjFA==
  
  caniuse-lite@^1.0.30001503:
    version "1.0.30001514"
    resolved "https://registry.npmjs.org/caniuse-lite/-/caniuse-lite-1.0.30001514.tgz"
    integrity sha512-ENcIpYBmwAAOm/V2cXgM7rZUrKKaqisZl4ZAI520FIkqGXUxJjmaIssbRW5HVVR5tyV6ygTLIm15aU8LUmQSaQ==
  
  caseless@^0.12.0:
    version "0.12.0"
    resolved "https://registry.npmjs.org/caseless/-/caseless-0.12.0.tgz"
    integrity sha512-4tYFyifaFfGacoiObjJegolkwSU4xQNGbVgUiNYVUxbQ2x2lUsFvY4hVgVzGiIe6WLOPqycWXA40l+PWsxthUw==
  
  chalk@^2.0.0, chalk@^2.4.2:
    version "2.4.2"
    resolved "https://registry.npmjs.org/chalk/-/chalk-2.4.2.tgz"
    integrity sha512-Mti+f9lpJNcwF4tWV8/OrTTtF1gZi+f8FqlyAdouralcFWFQWF2+NgCHShjkCb+IFBLq9buZwE1xckQU4peSuQ==
    dependencies:
      ansi-styles "^3.2.1"
      escape-string-regexp "^1.0.5"
      supports-color "^5.3.0"
  
  chalk@^4.0.0, chalk@^4.1.0, chalk@^4.1.2:
    version "4.1.2"
    resolved "https://registry.npmjs.org/chalk/-/chalk-4.1.2.tgz"
    integrity sha512-oKnbhFyRIXpUuez8iBMmyEa4nbj4IOQyuhc/wy9kY7/WVPcwIO9VA668Pu8RkO7+0G76SLROeyw9CpQ061i4mA==
    dependencies:
      ansi-styles "^4.1.0"
      supports-color "^7.1.0"
  
  chokidar@^3.4.0, chokidar@^3.5.2:
    version "3.5.3"
    resolved "https://registry.npmjs.org/chokidar/-/chokidar-3.5.3.tgz"
    integrity sha512-Dr3sfKRP6oTcjf2JmUmFJfeVMvXBdegxB0iVQ5eb2V10uFJUCAS8OByZdVAyVb8xXNz3GjjTgj9kLWsZTqE6kw==
    dependencies:
      anymatch "~3.1.2"
      braces "~3.0.2"
      glob-parent "~5.1.2"
      is-binary-path "~2.1.0"
      is-glob "~4.0.1"
      normalize-path "~3.0.0"
      readdirp "~3.6.0"
    optionalDependencies:
      fsevents "~2.3.2"
  
  chownr@^1.1.1:
    version "1.1.4"
    resolved "https://registry.yarnpkg.com/chownr/-/chownr-1.1.4.tgz#6fc9d7b42d32a583596337666e7d08084da2cc6b"
    integrity sha512-jJ0bqzaylmJtVnNgzTeSOs8DPavpbYgEr/b0YL8/2GO3xJEhInFmhKMUnEJQjZumK7KXGFhUy89PrsJWlakBVg==
  
  cli-cursor@^3.1.0:
    version "3.1.0"
    resolved "https://registry.npmjs.org/cli-cursor/-/cli-cursor-3.1.0.tgz"
    integrity sha512-I/zHAwsKf9FqGoXM4WWRACob9+SNukZTd94DWF57E4toouRulbCxcUh6RKUEOQlYTHJnzkPMySvPNaaSLNfLZw==
    dependencies:
      restore-cursor "^3.1.0"
  
  cli-spinners@^2.5.0:
    version "2.9.2"
    resolved "https://registry.npmjs.org/cli-spinners/-/cli-spinners-2.9.2.tgz"
    integrity sha512-ywqV+5MmyL4E7ybXgKys4DugZbX0FC6LnwrhjuykIjnK9k8OQacQ7axGKnjDXWNhns0xot3bZI5h55H8yo9cJg==
  
  cliui@^8.0.1:
    version "8.0.1"
    resolved "https://registry.npmjs.org/cliui/-/cliui-8.0.1.tgz"
    integrity sha512-BSeNnyus75C4//NQ9gQt1/csTXyo/8Sb+afLAkzAptFuMsod9HFokGNudZpi/oQV73hnVK+sR+5PVRMd+Dr7YQ==
    dependencies:
      string-width "^4.2.0"
      strip-ansi "^6.0.1"
      wrap-ansi "^7.0.0"
  
  clone@^1.0.2:
    version "1.0.4"
    resolved "https://registry.npmjs.org/clone/-/clone-1.0.4.tgz"
    integrity sha512-JQHZ2QMW6l3aH/j6xCqQThY/9OH4D/9ls34cgkUBiEeocRTU04tHfKPBsUK1PqZCUQM7GiA0IIXJSuXHI64Kbg==
  
  code-block-writer@^11.0.3:
    version "11.0.3"
    resolved "https://registry.npmjs.org/code-block-writer/-/code-block-writer-11.0.3.tgz"
    integrity sha512-NiujjUFB4SwScJq2bwbYUtXbZhBSlY6vYzm++3Q6oC+U+injTqfPYFK8wS9COOmb2lueqp0ZRB4nK1VYeHgNyw==
  
  code-error-fragment@0.0.230:
    version "0.0.230"
    resolved "https://registry.npmjs.org/code-error-fragment/-/code-error-fragment-0.0.230.tgz"
    integrity sha512-cadkfKp6932H8UkhzE/gcUqhRMNf8jHzkAN7+5Myabswaghu4xABTgPHDCjW+dBAJxj/SpkTYokpzDqY4pCzQw==
  
  color-convert@^1.9.0:
    version "1.9.3"
    resolved "https://registry.npmjs.org/color-convert/-/color-convert-1.9.3.tgz"
    integrity sha512-QfAUtd+vFdAtFQcC8CCyYt1fYWxSqAiK2cSD6zDB8N3cpsEBAvRxp9zOGg6G/SHHJYAT88/az/IuDGALsNVbGg==
    dependencies:
      color-name "1.1.3"
  
  color-convert@^2.0.1:
    version "2.0.1"
    resolved "https://registry.npmjs.org/color-convert/-/color-convert-2.0.1.tgz"
    integrity sha512-RRECPsj7iu/xb5oKYcsFHSppFNnsj/52OVTRKb4zP5onXwVF3zVmmToNcOfGC+CRDpfK/U584fMg38ZHCaElKQ==
    dependencies:
      color-name "~1.1.4"
  
  color-name@1.1.3:
    version "1.1.3"
    resolved "https://registry.npmjs.org/color-name/-/color-name-1.1.3.tgz"
    integrity sha512-72fSenhMw2HZMTVHeCA9KCmpEIbzWiQsjN+BHcBbS9vr1mtt+vJjPdksIBNUmKAW8TFUDPJK5SUU3QhE9NEXDw==
  
  color-name@~1.1.4:
    version "1.1.4"
    resolved "https://registry.npmjs.org/color-name/-/color-name-1.1.4.tgz"
    integrity sha512-dOy+3AuW3a2wNbZHIuMZpTcgjGuLU/uBL/ubcZF9OXbDo8ff4O8yVp5Bf0efS8uEoYo5q4Fx7dY9OgQGXgAsQA==
  
  colord@^2.9.3:
    version "2.9.3"
    resolved "https://registry.npmjs.org/colord/-/colord-2.9.3.tgz"
    integrity sha512-jeC1axXpnb0/2nn/Y1LPuLdgXBLH7aDcHu4KEKfqw3CUhX7ZpfBSlPKyqXE6btIgEzfWtrX3/tyBCaCvXvMkOw==
  
  combined-stream@^1.0.6:
    version "1.0.8"
    resolved "https://registry.yarnpkg.com/combined-stream/-/combined-stream-1.0.8.tgz#c3d45a8b34fd730631a110a8a2520682b31d5a7f"
    integrity sha512-FQN4MRfuJeHf7cBbBMJFXhKSDq+2kAArBlmRBvcvFE5BB1HZKXtSFASDhdlz9zOYwxh8lDdnvmMOe/+5cdoEdg==
    dependencies:
      delayed-stream "~1.0.0"
  
  commander@^10.0.0:
    version "10.0.1"
    resolved "https://registry.npmjs.org/commander/-/commander-10.0.1.tgz"
    integrity sha512-y4Mg2tXshplEbSGzx7amzPwKKOCGuoSRP/CjEdwwk0FOGlUbq6lKuoyDZTNZkmxHdJtp54hdfY/JUrdL7Xfdug==
  
  commander@^4.0.0, commander@^4.0.1:
    version "4.1.1"
    resolved "https://registry.npmjs.org/commander/-/commander-4.1.1.tgz"
    integrity sha512-NOKm8xhkzAjzFx8B2v5OAHT+u5pRQc2UCa2Vq9jYL/31o2wi9mxBA7LIFs3sV5VSC49z6pEhfbMULvShKj26WA==
  
  commondir@^1.0.1:
    version "1.0.1"
    resolved "https://registry.npmjs.org/commondir/-/commondir-1.0.1.tgz"
    integrity sha512-W9pAhw0ja1Edb5GVdIF1mjZw/ASI0AlShXM83UUGe2DVr5TdAPEA1OA8m/g8zWp9x6On7gqufY+FatDbC3MDQg==
  
  compute-gcd@^1.2.1:
    version "1.2.1"
    resolved "https://registry.npmjs.org/compute-gcd/-/compute-gcd-1.2.1.tgz"
    integrity sha512-TwMbxBNz0l71+8Sc4czv13h4kEqnchV9igQZBi6QUaz09dnz13juGnnaWWJTRsP3brxOoxeB4SA2WELLw1hCtg==
    dependencies:
      validate.io-array "^1.0.3"
      validate.io-function "^1.0.2"
      validate.io-integer-array "^1.0.0"
  
  compute-lcm@^1.1.2:
    version "1.1.2"
    resolved "https://registry.npmjs.org/compute-lcm/-/compute-lcm-1.1.2.tgz"
    integrity sha512-OFNPdQAXnQhDSKioX8/XYT6sdUlXwpeMjfd6ApxMJfyZ4GxmLR1xvMERctlYhlHwIiz6CSpBc2+qYKjHGZw4TQ==
    dependencies:
      compute-gcd "^1.2.1"
      validate.io-array "^1.0.3"
      validate.io-function "^1.0.2"
      validate.io-integer-array "^1.0.0"
  
  concat-map@0.0.1:
    version "0.0.1"
    resolved "https://registry.npmjs.org/concat-map/-/concat-map-0.0.1.tgz"
    integrity sha512-/Srv4dswyQNBfohGpz9o6Yb3Gz3SrUDqBH5rTuhGR7ahtlbYKnVxw2bCFMRljaA7EXHaXZ8wsHdodFvbkhKmqg==
  
  concat-stream@^1.5.2:
    version "1.6.2"
    resolved "https://registry.npmjs.org/concat-stream/-/concat-stream-1.6.2.tgz"
    integrity sha512-27HBghJxjiZtIk3Ycvn/4kbJk/1uZuJFfuPEns6LaEvpvG1f0hTea8lilrouyo9mVc2GWdcEZ8OLoGmSADlrCw==
    dependencies:
      buffer-from "^1.0.0"
      inherits "^2.0.3"
      readable-stream "^2.2.2"
      typedarray "^0.0.6"
  
  confusing-browser-globals@^1.0.10:
    version "1.0.11"
    resolved "https://registry.npmjs.org/confusing-browser-globals/-/confusing-browser-globals-1.0.11.tgz"
    integrity sha512-JsPKdmh8ZkmnHxDk55FZ1TqVLvEQTvoByJZRN9jzI0UjxK/QgAmsphz7PGtqgPieQZ/CQcHWXCR7ATDNhGe+YA==
  
  content-disposition@0.5.4:
    version "0.5.4"
    resolved "https://registry.npmjs.org/content-disposition/-/content-disposition-0.5.4.tgz"
    integrity sha512-FveZTNuGw04cxlAiWbzi6zTAL/lhehaWbTtgluJh4/E95DqMwTmha3KZN1aAWA8cFIhHzMZUvLevkw5Rqk+tSQ==
    dependencies:
      safe-buffer "5.2.1"
  
  content-type@~1.0.4, content-type@~1.0.5:
    version "1.0.5"
    resolved "https://registry.npmjs.org/content-type/-/content-type-1.0.5.tgz"
    integrity sha512-nTjqfcBFEipKdXCv4YDQWCfmcLZKm81ldF0pAopTvyrFGVbcR6P/VAAd5G7N+0tTr8QqiU0tFadD6FK4NtJwOA==
  
  convert-source-map@^1.1.0, convert-source-map@^1.7.0:
    version "1.9.0"
    resolved "https://registry.npmjs.org/convert-source-map/-/convert-source-map-1.9.0.tgz"
    integrity sha512-ASFBup0Mz1uyiIjANan1jzLQami9z1PoYSZCiiYW2FczPbenXc45FZdBZLzOT+r6+iciuEModtmCti+hjaAk0A==
  
  cookie-signature@1.0.6:
    version "1.0.6"
    resolved "https://registry.npmjs.org/cookie-signature/-/cookie-signature-1.0.6.tgz"
    integrity sha512-QADzlaHc8icV8I7vbaJXJwod9HWYp8uCqf1xa4OfNu1T7JVxQIrUgOWtHdNDtPiywmFbiS12VjotIXLrKM3orQ==
  
  cookie@0.5.0:
    version "0.5.0"
    resolved "https://registry.npmjs.org/cookie/-/cookie-0.5.0.tgz"
    integrity sha512-YZ3GUyn/o8gfKJlnlX7g7xq4gyO6OSuhGPKaaGssGB2qgDUS0gPgtTvoyZLTt9Ab6dC4hfc9dV5arkvc/OCmrw==
  
  core-util-is@~1.0.0:
    version "1.0.3"
    resolved "https://registry.npmjs.org/core-util-is/-/core-util-is-1.0.3.tgz"
    integrity sha512-ZQBvi1DcpJ4GDqanjucZ2Hj3wEO5pZDS89BWbkcrvdxksJorwUDDZamX9ldFkp9aw2lmBDLgkObEA4DWNJ9FYQ==
  
  cors@^2.8.5:
    version "2.8.5"
    resolved "https://registry.npmjs.org/cors/-/cors-2.8.5.tgz"
    integrity sha512-KIHbLJqu73RGr/hnbrO9uBeixNGuvSQjul/jdFvS/KFSIH1hWVd1ng7zOHx+YrEfInLG7q4n6GHQ9cDtxv/P6g==
    dependencies:
      object-assign "^4"
      vary "^1"
  
  cosmiconfig@^8.2.0:
    version "8.2.0"
    resolved "https://registry.npmjs.org/cosmiconfig/-/cosmiconfig-8.2.0.tgz"
    integrity sha512-3rTMnFJA1tCOPwRxtgF4wd7Ab2qvDbL8jX+3smjIbS4HlZBagTlpERbdN7iAbWlrfxE3M8c27kTwTawQ7st+OQ==
    dependencies:
      import-fresh "^3.2.1"
      js-yaml "^4.1.0"
      parse-json "^5.0.0"
      path-type "^4.0.0"
  
  cross-spawn@^7.0.2, cross-spawn@^7.0.3:
    version "7.0.3"
    resolved "https://registry.npmjs.org/cross-spawn/-/cross-spawn-7.0.3.tgz"
    integrity sha512-iRDPJKUPVEND7dHPO8rkbOnPpyDygcDFtWjpeWNCgy8WP2rXcxXL8TskReQl6OrB2G7+UJrags1q15Fudc7G6w==
    dependencies:
      path-key "^3.1.0"
      shebang-command "^2.0.0"
      which "^2.0.1"
  
  css-functions-list@^3.2.0:
    version "3.2.0"
    resolved "https://registry.npmjs.org/css-functions-list/-/css-functions-list-3.2.0.tgz"
    integrity sha512-d/jBMPyYybkkLVypgtGv12R+pIFw4/f/IHtCTxWpZc8ofTYOPigIgmA6vu5rMHartZC+WuXhBUHfnyNUIQSYrg==
  
  css-tree@^2.3.1:
    version "2.3.1"
    resolved "https://registry.npmjs.org/css-tree/-/css-tree-2.3.1.tgz"
    integrity sha512-6Fv1DV/TYw//QF5IzQdqsNDjx/wc8TrMBZsqjL9eW01tWb7R7k/mq+/VXfJCl7SoD5emsJop9cOByJZfs8hYIw==
    dependencies:
      mdn-data "2.0.30"
      source-map-js "^1.0.1"
  
  cssesc@^3.0.0:
    version "3.0.0"
    resolved "https://registry.npmjs.org/cssesc/-/cssesc-3.0.0.tgz"
    integrity sha512-/Tb/JcjK111nNScGob5MNtsntNM1aCNUDipB/TkwZFhyDrrE47SOx/18wF2bbjgc3ZzCSKW1T5nt5EbFoAz/Vg==
  
  d@1, d@^1.0.1, d@^1.0.2:
    version "1.0.2"
    resolved "https://registry.npmjs.org/d/-/d-1.0.2.tgz"
    integrity sha512-MOqHvMWF9/9MX6nza0KgvFH4HpMU0EF5uUDXqX/BtxtU8NfB0QzRtJ8Oe/6SuS4kbhyzVJwjd97EA4PKrzJ8bw==
    dependencies:
      es5-ext "^0.10.64"
      type "^2.7.2"
  
  datauri@^4.1.0:
    version "4.1.0"
    resolved "https://registry.npmjs.org/datauri/-/datauri-4.1.0.tgz"
    integrity sha512-y17kh32+I82G+ED9MNWFkZiP/Cq/vO1hN9+tSZsT9C9qn3NrvcBnh7crSepg0AQPge1hXx2Ca44s1FRdv0gFWA==
    dependencies:
      image-size "1.0.0"
      mimer "^2.0.2"
  
  debug@2.6.9:
    version "2.6.9"
    resolved "https://registry.npmjs.org/debug/-/debug-2.6.9.tgz"
    integrity sha512-bC7ElrdJaJnPbAP+1EotYvqZsb3ecl5wi6Bfi6BJTUcNowp6cvspg0jXznRTKDjm/E7AdgFBVeAPVMNcKGsHMA==
    dependencies:
      ms "2.0.0"
  
  debug@4, debug@4.x, debug@^4.1.0, debug@^4.1.1, debug@^4.3.2, debug@^4.3.4:
    version "4.3.4"
    resolved "https://registry.npmjs.org/debug/-/debug-4.3.4.tgz"
    integrity sha512-PRWFHuSU3eDtQJPvnNY7Jcket1j0t5OuOsFzPPzsekD52Zl8qUfFIPEiswXqIvHWGVHOgX+7G/vCNNhehwxfkQ==
    dependencies:
      ms "2.1.2"
  
  debug@^3.2.7:
    version "3.2.7"
    resolved "https://registry.npmjs.org/debug/-/debug-3.2.7.tgz"
    integrity sha512-CFjzYYAi4ThfiQvizrFQevTTXHtnCqWfe7x1AhgEscTz6ZbLbfoLRLPugTQyBth6f8ZERVUSyWHFD/7Wu4t1XQ==
    dependencies:
      ms "^2.1.1"
  
  decamelize-keys@^1.1.0:
    version "1.1.1"
    resolved "https://registry.npmjs.org/decamelize-keys/-/decamelize-keys-1.1.1.tgz"
    integrity sha512-WiPxgEirIV0/eIOMcnFBA3/IJZAZqKnwAwWyvvdi4lsr1WCN22nhdf/3db3DoZcUjTV2SqfzIwNyp6y2xs3nmg==
    dependencies:
      decamelize "^1.1.0"
      map-obj "^1.0.0"
  
  decamelize@^1.1.0:
    version "1.2.0"
    resolved "https://registry.npmjs.org/decamelize/-/decamelize-1.2.0.tgz"
    integrity sha512-z2S+W9X73hAUUki+N+9Za2lBlun89zigOyGrsax+KUQ6wKW4ZoWpEYBkGhQjwAjjDCkWxhY0VKEhk8wzY7F5cA==
  
  decamelize@^5.0.0:
    version "5.0.1"
    resolved "https://registry.npmjs.org/decamelize/-/decamelize-5.0.1.tgz"
    integrity sha512-VfxadyCECXgQlkoEAjeghAr5gY3Hf+IKjKb+X8tGVDtveCjN+USwprd2q3QXBR9T1+x2DG0XZF5/w+7HAtSaXA==
  
  decompress-response@^6.0.0:
    version "6.0.0"
    resolved "https://registry.yarnpkg.com/decompress-response/-/decompress-response-6.0.0.tgz#ca387612ddb7e104bd16d85aab00d5ecf09c66fc"
    integrity sha512-aW35yZM6Bb/4oJlZncMH2LCoZtJXTRxES17vE3hoRiowU2kWHaJKFkSBDnDR+cm9J+9QhXmREyIfv0pji9ejCQ==
    dependencies:
      mimic-response "^3.1.0"
  
  deep-extend@^0.6.0:
    version "0.6.0"
    resolved "https://registry.yarnpkg.com/deep-extend/-/deep-extend-0.6.0.tgz#c4fa7c95404a17a9c3e8ca7e1537312b736330ac"
    integrity sha512-LOHxIOaPYdHlJRtCQfDIVZtfw/ufM8+rVj649RIHzcm/vGwQRXFt6OPqIFWsm2XEMrNIEtWR64sY1LEKD2vAOA==
  
  deep-is@^0.1.3:
    version "0.1.4"
    resolved "https://registry.npmjs.org/deep-is/-/deep-is-0.1.4.tgz"
    integrity sha512-oIPzksmTg4/MriiaYGO+okXDT7ztn/w3Eptv/+gSIdMdKsJo0u4CfYNFJPy+4SKMuCqGw2wxnA+URMg3t8a/bQ==
  
  defaults@^1.0.3:
    version "1.0.4"
    resolved "https://registry.npmjs.org/defaults/-/defaults-1.0.4.tgz"
    integrity sha512-eFuaLoy/Rxalv2kr+lqMlUnrDWV+3j4pljOIJgLIhI058IQfWJ7vXhyEIHu+HtC738klGALYxOKDO0bQP3tg8A==
    dependencies:
      clone "^1.0.2"
  
  define-data-property@^1.0.1:
    version "1.1.0"
    resolved "https://registry.npmjs.org/define-data-property/-/define-data-property-1.1.0.tgz"
    integrity sha512-UzGwzcjyv3OtAvolTj1GoyNYzfFR+iqbGjcnBEENZVCpM4/Ng1yhGNvS3lR/xDS74Tb2wGG9WzNSNIOS9UVb2g==
    dependencies:
      get-intrinsic "^1.2.1"
      gopd "^1.0.1"
      has-property-descriptors "^1.0.0"
  
  define-properties@^1.1.3, define-properties@^1.1.4, define-properties@^1.2.0:
    version "1.2.0"
    resolved "https://registry.npmjs.org/define-properties/-/define-properties-1.2.0.tgz"
    integrity sha512-xvqAVKGfT1+UAvPwKTVw/njhdQ8ZhXK4lI0bCIuCMrp2up9nPnaDftrLtmpTazqd1o+UY4zgzU+avtMbDP+ldA==
    dependencies:
      has-property-descriptors "^1.0.0"
      object-keys "^1.1.1"
  
  delayed-stream@~1.0.0:
    version "1.0.0"
    resolved "https://registry.yarnpkg.com/delayed-stream/-/delayed-stream-1.0.0.tgz#df3ae199acadfb7d440aaae0b29e2272b24ec619"
    integrity sha512-ZySD7Nf91aLB0RxL4KGrKHBXl7Eds1DAmEdcoVawXnLD7SDhpNgtuII2aAkg7a7QS41jxPSZ17p4VdGnMHk3MQ==
  
  depd@2.0.0, depd@~2.0.0:
    version "2.0.0"
    resolved "https://registry.npmjs.org/depd/-/depd-2.0.0.tgz"
    integrity sha512-g7nH6P6dyDioJogAAGprGpCtVImJhpPk/roCzdb3fIh61/s/nPsfR6onyMwkCAR/OlC3yBC0lESvUoQEAssIrw==
  
  destroy@1.2.0:
    version "1.2.0"
    resolved "https://registry.npmjs.org/destroy/-/destroy-1.2.0.tgz"
    integrity sha512-2sJGJTaXIIaR1w4iJSNoN0hnMY7Gpc/n8D4qSCJw8QqFWXf7cuAgnEHxBpweaVcPevC2l3KpjYCx3NypQQgaJg==
  
  detect-libc@^2.0.0:
    version "2.0.3"
    resolved "https://registry.yarnpkg.com/detect-libc/-/detect-libc-2.0.3.tgz#f0cd503b40f9939b894697d19ad50895e30cf700"
    integrity sha512-bwy0MGW55bG41VqxxypOsdSdGqLwXPI/focwgTYCFMbdUiBAxLg9CFzG08sz2aqzknwiX7Hkl0bQENjg8iLByw==
  
  dir-glob@^3.0.1:
    version "3.0.1"
    resolved "https://registry.npmjs.org/dir-glob/-/dir-glob-3.0.1.tgz"
    integrity sha512-WkrWp9GR4KXfKGYzOLmTuGVi1UWFfws377n9cc55/tb6DuqyF6pcQ5AbiHEshaDpY9v6oaSr2XCDidGmMwdzIA==
    dependencies:
      path-type "^4.0.0"
  
  doctrine@^2.1.0:
    version "2.1.0"
    resolved "https://registry.npmjs.org/doctrine/-/doctrine-2.1.0.tgz"
    integrity sha512-35mSku4ZXK0vfCuHEDAwt55dg2jNajHZ1odvF+8SSr82EsZY4QmXfuWso8oEd8zRhVObSN18aM0CjSdoBX7zIw==
    dependencies:
      esutils "^2.0.2"
  
  doctrine@^3.0.0:
    version "3.0.0"
    resolved "https://registry.npmjs.org/doctrine/-/doctrine-3.0.0.tgz"
    integrity sha512-yS+Q5i3hBf7GBkd4KG8a7eBNNWNGLTaEwwYWUijIYM7zrlYDM0BFXHjjPWlWZ1Rg7UaddZeIDmi9jF3HmqiQ2w==
    dependencies:
      esutils "^2.0.2"
  
  duplexify@^4.0.0, duplexify@^4.1.3:
    version "4.1.3"
    resolved "https://registry.yarnpkg.com/duplexify/-/duplexify-4.1.3.tgz#a07e1c0d0a2c001158563d32592ba58bddb0236f"
    integrity sha512-M3BmBhwJRZsSx38lZyhE53Csddgzl5R7xGJNk7CVddZD6CcmwMCH8J+7AprIrQKH7TonKxaCjcv27Qmf+sQ+oA==
    dependencies:
      end-of-stream "^1.4.1"
      inherits "^2.0.3"
      readable-stream "^3.1.1"
      stream-shift "^1.0.2"
  
  ecdsa-sig-formatter@1.0.11, ecdsa-sig-formatter@^1.0.11:
    version "1.0.11"
    resolved "https://registry.npmjs.org/ecdsa-sig-formatter/-/ecdsa-sig-formatter-1.0.11.tgz"
    integrity sha512-nagl3RYrbNv6kQkeJIpt6NJZy8twLB/2vtz6yN9Z4vRKHN4/QZJIEbqohALSgwKdnksuY3k5Addp5lg8sVoVcQ==
    dependencies:
      safe-buffer "^5.0.1"
  
  ee-first@1.1.1:
    version "1.1.1"
    resolved "https://registry.npmjs.org/ee-first/-/ee-first-1.1.1.tgz"
    integrity sha512-WMwm9LhRUo+WUaRN+vRuETqG89IgZphVSNkdFgeb6sS/E4OrDIN7t48CAewSHXc6C8lefD8KKfr5vY61brQlow==
  
  electron-to-chromium@^1.4.431:
    version "1.4.455"
    resolved "https://registry.npmjs.org/electron-to-chromium/-/electron-to-chromium-1.4.455.tgz"
    integrity sha512-8tgdX0Odl24LtmLwxotpJCVjIndN559AvaOtd67u+2mo+IDsgsTF580NB+uuDCqsHw8yFg53l5+imFV9Fw3cbA==
  
  emoji-regex@^8.0.0:
    version "8.0.0"
    resolved "https://registry.npmjs.org/emoji-regex/-/emoji-regex-8.0.0.tgz"
    integrity sha512-MSjYzcWNOA0ewAHpz0MxpYFvwg6yjy1NG3xteoqz644VCo/RPgnr1/GGt+ic3iJTzQ8Eu3TdM14SawnVUmGE6A==
  
  encodeurl@~1.0.2:
    version "1.0.2"
    resolved "https://registry.npmjs.org/encodeurl/-/encodeurl-1.0.2.tgz"
    integrity sha512-TPJXq8JqFaVYm2CWmPvnP2Iyo4ZSM7/QKcSmuMLDObfpH5fi7RUGmd/rTDf+rut/saiDiQEeVTNgAmJEdAOx0w==
  
  end-of-stream@^1.1.0, end-of-stream@^1.4.1:
    version "1.4.4"
    resolved "https://registry.yarnpkg.com/end-of-stream/-/end-of-stream-1.4.4.tgz#5ae64a5f45057baf3626ec14da0ca5e4b2431eb0"
    integrity sha512-+uw1inIHVPQoaVuHzRyXd21icM+cnt4CzD5rW+NC1wjOUSTOs+Te7FOv7AhN7vS9x/oIyhLP5PR1H+phQAHu5Q==
    dependencies:
      once "^1.4.0"
  
  error-ex@^1.3.1:
    version "1.3.2"
    resolved "https://registry.npmjs.org/error-ex/-/error-ex-1.3.2.tgz"
    integrity sha512-7dFHNmqeFSEt2ZBsCriorKnn3Z2pj+fd9kmI6QoWw4//DL+icEBfc0U7qJCisqrTsKTjw4fNFy2pW9OqStD84g==
    dependencies:
      is-arrayish "^0.2.1"
  
  es-abstract@^1.19.0, es-abstract@^1.20.4:
    version "1.21.2"
    resolved "https://registry.npmjs.org/es-abstract/-/es-abstract-1.21.2.tgz"
    integrity sha512-y/B5POM2iBnIxCiernH1G7rC9qQoM77lLIMQLuob0zhp8C56Po81+2Nj0WFKnd0pNReDTnkYryc+zhOzpEIROg==
    dependencies:
      array-buffer-byte-length "^1.0.0"
      available-typed-arrays "^1.0.5"
      call-bind "^1.0.2"
      es-set-tostringtag "^2.0.1"
      es-to-primitive "^1.2.1"
      function.prototype.name "^1.1.5"
      get-intrinsic "^1.2.0"
      get-symbol-description "^1.0.0"
      globalthis "^1.0.3"
      gopd "^1.0.1"
      has "^1.0.3"
      has-property-descriptors "^1.0.0"
      has-proto "^1.0.1"
      has-symbols "^1.0.3"
      internal-slot "^1.0.5"
      is-array-buffer "^3.0.2"
      is-callable "^1.2.7"
      is-negative-zero "^2.0.2"
      is-regex "^1.1.4"
      is-shared-array-buffer "^1.0.2"
      is-string "^1.0.7"
      is-typed-array "^1.1.10"
      is-weakref "^1.0.2"
      object-inspect "^1.12.3"
      object-keys "^1.1.1"
      object.assign "^4.1.4"
      regexp.prototype.flags "^1.4.3"
      safe-regex-test "^1.0.0"
      string.prototype.trim "^1.2.7"
      string.prototype.trimend "^1.0.6"
      string.prototype.trimstart "^1.0.6"
      typed-array-length "^1.0.4"
      unbox-primitive "^1.0.2"
      which-typed-array "^1.1.9"
  
  es-abstract@^1.22.1:
    version "1.22.2"
    resolved "https://registry.npmjs.org/es-abstract/-/es-abstract-1.22.2.tgz"
    integrity sha512-YoxfFcDmhjOgWPWsV13+2RNjq1F6UQnfs+8TftwNqtzlmFzEXvlUwdrNrYeaizfjQzRMxkZ6ElWMOJIFKdVqwA==
    dependencies:
      array-buffer-byte-length "^1.0.0"
      arraybuffer.prototype.slice "^1.0.2"
      available-typed-arrays "^1.0.5"
      call-bind "^1.0.2"
      es-set-tostringtag "^2.0.1"
      es-to-primitive "^1.2.1"
      function.prototype.name "^1.1.6"
      get-intrinsic "^1.2.1"
      get-symbol-description "^1.0.0"
      globalthis "^1.0.3"
      gopd "^1.0.1"
      has "^1.0.3"
      has-property-descriptors "^1.0.0"
      has-proto "^1.0.1"
      has-symbols "^1.0.3"
      internal-slot "^1.0.5"
      is-array-buffer "^3.0.2"
      is-callable "^1.2.7"
      is-negative-zero "^2.0.2"
      is-regex "^1.1.4"
      is-shared-array-buffer "^1.0.2"
      is-string "^1.0.7"
      is-typed-array "^1.1.12"
      is-weakref "^1.0.2"
      object-inspect "^1.12.3"
      object-keys "^1.1.1"
      object.assign "^4.1.4"
      regexp.prototype.flags "^1.5.1"
      safe-array-concat "^1.0.1"
      safe-regex-test "^1.0.0"
      string.prototype.trim "^1.2.8"
      string.prototype.trimend "^1.0.7"
      string.prototype.trimstart "^1.0.7"
      typed-array-buffer "^1.0.0"
      typed-array-byte-length "^1.0.0"
      typed-array-byte-offset "^1.0.0"
      typed-array-length "^1.0.4"
      unbox-primitive "^1.0.2"
      which-typed-array "^1.1.11"
  
  es-set-tostringtag@^2.0.1:
    version "2.0.1"
    resolved "https://registry.npmjs.org/es-set-tostringtag/-/es-set-tostringtag-2.0.1.tgz"
    integrity sha512-g3OMbtlwY3QewlqAiMLI47KywjWZoEytKr8pf6iTC8uJq5bIAH52Z9pnQ8pVL6whrCto53JZDuUIsifGeLorTg==
    dependencies:
      get-intrinsic "^1.1.3"
      has "^1.0.3"
      has-tostringtag "^1.0.0"
  
  es-shim-unscopables@^1.0.0:
    version "1.0.0"
    resolved "https://registry.npmjs.org/es-shim-unscopables/-/es-shim-unscopables-1.0.0.tgz"
    integrity sha512-Jm6GPcCdC30eMLbZ2x8z2WuRwAws3zTBBKuusffYVUrNj/GVSUAZ+xKMaUpfNDR5IbyNA5LJbaecoUVbmUcB1w==
    dependencies:
      has "^1.0.3"
  
  es-to-primitive@^1.2.1:
    version "1.2.1"
    resolved "https://registry.npmjs.org/es-to-primitive/-/es-to-primitive-1.2.1.tgz"
    integrity sha512-QCOllgZJtaUo9miYBcLChTUaHNjJF3PYs1VidD7AwiEj1kYxKeQTctLAezAOH5ZKRH0g2IgPn6KwB4IT8iRpvA==
    dependencies:
      is-callable "^1.1.4"
      is-date-object "^1.0.1"
      is-symbol "^1.0.2"
  
  es5-ext@^0.10.35, es5-ext@^0.10.46, es5-ext@^0.10.53, es5-ext@^0.10.62, es5-ext@^0.10.64, es5-ext@~0.10.14, es5-ext@~0.10.2, es5-ext@~0.10.46:
    version "0.10.64"
    resolved "https://registry.npmjs.org/es5-ext/-/es5-ext-0.10.64.tgz"
    integrity sha512-p2snDhiLaXe6dahss1LddxqEm+SkuDvV8dnIQG0MWjyHpcMNfXKPE+/Cc0y+PhxJX3A4xGNeFCj5oc0BUh6deg==
    dependencies:
      es6-iterator "^2.0.3"
      es6-symbol "^3.1.3"
      esniff "^2.0.1"
      next-tick "^1.1.0"
  
  es6-iterator@^2.0.3:
    version "2.0.3"
    resolved "https://registry.npmjs.org/es6-iterator/-/es6-iterator-2.0.3.tgz"
    integrity sha512-zw4SRzoUkd+cl+ZoE15A9o1oQd920Bb0iOJMQkQhl3jNc03YqVjAhG7scf9C5KWRU/R13Orf588uCC6525o02g==
    dependencies:
      d "1"
      es5-ext "^0.10.35"
      es6-symbol "^3.1.1"
  
  es6-promise@^3.2.1:
    version "3.3.1"
    resolved "https://registry.npmjs.org/es6-promise/-/es6-promise-3.3.1.tgz"
    integrity sha512-SOp9Phqvqn7jtEUxPWdWfWoLmyt2VaJ6MpvP9Comy1MceMXqE6bxvaTu4iaxpYYPzhny28Lc+M87/c2cPK6lDg==
  
  es6-symbol@^3.1.1, es6-symbol@^3.1.3:
    version "3.1.4"
    resolved "https://registry.npmjs.org/es6-symbol/-/es6-symbol-3.1.4.tgz"
    integrity sha512-U9bFFjX8tFiATgtkJ1zg25+KviIXpgRvRHS8sau3GfhVzThRQrOeksPeT0BWW2MNZs1OEWJ1DPXOQMn0KKRkvg==
    dependencies:
      d "^1.0.2"
      ext "^1.7.0"
  
  es6-weak-map@^2.0.3:
    version "2.0.3"
    resolved "https://registry.npmjs.org/es6-weak-map/-/es6-weak-map-2.0.3.tgz"
    integrity sha512-p5um32HOTO1kP+w7PRnB+5lQ43Z6muuMuIMffvDN8ZB4GcnjLBV6zGStpbASIMk4DCAvEaamhe2zhyCb/QXXsA==
    dependencies:
      d "1"
      es5-ext "^0.10.46"
      es6-iterator "^2.0.3"
      es6-symbol "^3.1.1"
  
  escalade@^3.1.1:
    version "3.1.1"
    resolved "https://registry.npmjs.org/escalade/-/escalade-3.1.1.tgz"
    integrity sha512-k0er2gUkLf8O0zKJiAhmkTnJlTvINGv7ygDNPbeIsX/TJjGJZHuh9B2UxbsaEkmlEo9MfhrSzmhIlhRlI2GXnw==
  
  escape-html@~1.0.3:
    version "1.0.3"
    resolved "https://registry.npmjs.org/escape-html/-/escape-html-1.0.3.tgz"
    integrity sha512-NiSupZ4OeuGwr68lGIeym/ksIZMJodUGOSCZ/FSnTxcrekbvqrgdUxlJOMpijaKZVjAJrWrGs/6Jy8OMuyj9ow==
  
  escape-string-regexp@^1.0.5:
    version "1.0.5"
    resolved "https://registry.npmjs.org/escape-string-regexp/-/escape-string-regexp-1.0.5.tgz"
    integrity sha512-vbRorB5FUQWvla16U8R/qgaFIya2qGzwDrNmCZuYKrbdSUMG6I1ZCGQRefkRVhuOkIGVne7BQ35DSfo1qvJqFg==
  
  escape-string-regexp@^4.0.0:
    version "4.0.0"
    resolved "https://registry.npmjs.org/escape-string-regexp/-/escape-string-regexp-4.0.0.tgz"
    integrity sha512-TtpcNJ3XAzx3Gq8sWRzJaVajRs0uVxA2YAkdb1jm2YkPz4G6egUFAyA3n5vtEIZefPk5Wa4UXbKuS5fKkJWdgA==
  
  eslint-config-airbnb-base@^15.0.0:
    version "15.0.0"
    resolved "https://registry.npmjs.org/eslint-config-airbnb-base/-/eslint-config-airbnb-base-15.0.0.tgz"
    integrity sha512-xaX3z4ZZIcFLvh2oUNvcX5oEofXda7giYmuplVxoOg5A7EXJMrUyqRgR+mhDhPK8LZ4PttFOBvCYDbX3sUoUig==
    dependencies:
      confusing-browser-globals "^1.0.10"
      object.assign "^4.1.2"
      object.entries "^1.1.5"
      semver "^6.3.0"
  
  eslint-import-resolver-node@^0.3.7:
    version "0.3.7"
    resolved "https://registry.npmjs.org/eslint-import-resolver-node/-/eslint-import-resolver-node-0.3.7.tgz"
    integrity sha512-gozW2blMLJCeFpBwugLTGyvVjNoeo1knonXAcatC6bjPBZitotxdWf7Gimr25N4c0AAOo4eOUfaG82IJPDpqCA==
    dependencies:
      debug "^3.2.7"
      is-core-module "^2.11.0"
      resolve "^1.22.1"
  
  eslint-module-utils@^2.8.0:
    version "2.8.0"
    resolved "https://registry.npmjs.org/eslint-module-utils/-/eslint-module-utils-2.8.0.tgz"
    integrity sha512-aWajIYfsqCKRDgUfjEXNN/JlrzauMuSEy5sbd7WXbtW3EH6A6MpwEh42c7qD+MqQo9QMJ6fWLAeIJynx0g6OAw==
    dependencies:
      debug "^3.2.7"
  
  eslint-plugin-import@^2.28.1:
    version "2.28.1"
    resolved "https://registry.npmjs.org/eslint-plugin-import/-/eslint-plugin-import-2.28.1.tgz"
    integrity sha512-9I9hFlITvOV55alzoKBI+K9q74kv0iKMeY6av5+umsNwayt59fz692daGyjR+oStBQgx6nwR9rXldDev3Clw+A==
    dependencies:
      array-includes "^3.1.6"
      array.prototype.findlastindex "^1.2.2"
      array.prototype.flat "^1.3.1"
      array.prototype.flatmap "^1.3.1"
      debug "^3.2.7"
      doctrine "^2.1.0"
      eslint-import-resolver-node "^0.3.7"
      eslint-module-utils "^2.8.0"
      has "^1.0.3"
      is-core-module "^2.13.0"
      is-glob "^4.0.3"
      minimatch "^3.1.2"
      object.fromentries "^2.0.6"
      object.groupby "^1.0.0"
      object.values "^1.1.6"
      semver "^6.3.1"
      tsconfig-paths "^3.14.2"
  
  eslint-scope@^7.2.2:
    version "7.2.2"
    resolved "https://registry.npmjs.org/eslint-scope/-/eslint-scope-7.2.2.tgz"
    integrity sha512-dOt21O7lTMhDM+X9mB4GX+DZrZtCUJPL/wlcTqxyrx5IvO0IYtILdtrQGQp+8n5S0gwSVmOf9NQrjMOgfQZlIg==
    dependencies:
      esrecurse "^4.3.0"
      estraverse "^5.2.0"
  
  eslint-visitor-keys@^3.3.0, eslint-visitor-keys@^3.4.1:
    version "3.4.1"
    resolved "https://registry.npmjs.org/eslint-visitor-keys/-/eslint-visitor-keys-3.4.1.tgz"
    integrity sha512-pZnmmLwYzf+kWaM/Qgrvpen51upAktaaiI01nsJD/Yr3lMOdNtq0cxkrrg16w64VtisN6okbs7Q8AfGqj4c9fA==
  
  eslint-visitor-keys@^3.4.3:
    version "3.4.3"
    resolved "https://registry.npmjs.org/eslint-visitor-keys/-/eslint-visitor-keys-3.4.3.tgz"
    integrity sha512-wpc+LXeiyiisxPlEkUzU6svyS1frIO3Mgxj1fdy7Pm8Ygzguax2N3Fa/D/ag1WqbOprdI+uY6wMUl8/a2G+iag==
  
  eslint@^8.49.0:
    version "8.49.0"
    resolved "https://registry.npmjs.org/eslint/-/eslint-8.49.0.tgz"
    integrity sha512-jw03ENfm6VJI0jA9U+8H5zfl5b+FvuU3YYvZRdZHOlU2ggJkxrlkJH4HcDrZpj6YwD8kuYqvQM8LyesoazrSOQ==
    dependencies:
      "@eslint-community/eslint-utils" "^4.2.0"
      "@eslint-community/regexpp" "^4.6.1"
      "@eslint/eslintrc" "^2.1.2"
      "@eslint/js" "8.49.0"
      "@humanwhocodes/config-array" "^0.11.11"
      "@humanwhocodes/module-importer" "^1.0.1"
      "@nodelib/fs.walk" "^1.2.8"
      ajv "^6.12.4"
      chalk "^4.0.0"
      cross-spawn "^7.0.2"
      debug "^4.3.2"
      doctrine "^3.0.0"
      escape-string-regexp "^4.0.0"
      eslint-scope "^7.2.2"
      eslint-visitor-keys "^3.4.3"
      espree "^9.6.1"
      esquery "^1.4.2"
      esutils "^2.0.2"
      fast-deep-equal "^3.1.3"
      file-entry-cache "^6.0.1"
      find-up "^5.0.0"
      glob-parent "^6.0.2"
      globals "^13.19.0"
      graphemer "^1.4.0"
      ignore "^5.2.0"
      imurmurhash "^0.1.4"
      is-glob "^4.0.0"
      is-path-inside "^3.0.3"
      js-yaml "^4.1.0"
      json-stable-stringify-without-jsonify "^1.0.1"
      levn "^0.4.1"
      lodash.merge "^4.6.2"
      minimatch "^3.1.2"
      natural-compare "^1.4.0"
      optionator "^0.9.3"
      strip-ansi "^6.0.1"
      text-table "^0.2.0"
  
  esniff@^2.0.1:
    version "2.0.1"
    resolved "https://registry.npmjs.org/esniff/-/esniff-2.0.1.tgz"
    integrity sha512-kTUIGKQ/mDPFoJ0oVfcmyJn4iBDRptjNVIzwIFR7tqWXdVI9xfA2RMwY/gbSpJG3lkdWNEjLap/NqVHZiJsdfg==
    dependencies:
      d "^1.0.1"
      es5-ext "^0.10.62"
      event-emitter "^0.3.5"
      type "^2.7.2"
  
  espree@^9.6.0:
    version "9.6.0"
    resolved "https://registry.npmjs.org/espree/-/espree-9.6.0.tgz"
    integrity sha512-1FH/IiruXZ84tpUlm0aCUEwMl2Ho5ilqVh0VvQXw+byAz/4SAciyHLlfmL5WYqsvD38oymdUwBss0LtK8m4s/A==
    dependencies:
      acorn "^8.9.0"
      acorn-jsx "^5.3.2"
      eslint-visitor-keys "^3.4.1"
  
  espree@^9.6.1:
    version "9.6.1"
    resolved "https://registry.npmjs.org/espree/-/espree-9.6.1.tgz"
    integrity sha512-oruZaFkjorTpF32kDSI5/75ViwGeZginGGy2NoOSg3Q9bnwlnmDm4HLnkl0RE3n+njDXR037aY1+x58Z/zFdwQ==
    dependencies:
      acorn "^8.9.0"
      acorn-jsx "^5.3.2"
      eslint-visitor-keys "^3.4.1"
  
  esquery@^1.4.2:
    version "1.5.0"
    resolved "https://registry.npmjs.org/esquery/-/esquery-1.5.0.tgz"
    integrity sha512-YQLXUplAwJgCydQ78IMJywZCceoqk1oH01OERdSAJc/7U2AylwjhSCLDEtqwg811idIS/9fIU5GjG73IgjKMVg==
    dependencies:
      estraverse "^5.1.0"
  
  esrecurse@^4.3.0:
    version "4.3.0"
    resolved "https://registry.npmjs.org/esrecurse/-/esrecurse-4.3.0.tgz"
    integrity sha512-KmfKL3b6G+RXvP8N1vr3Tq1kL/oCFgn2NYXEtqP8/L3pKapUA4G8cFVaoF3SU323CD4XypR/ffioHmkti6/Tag==
    dependencies:
      estraverse "^5.2.0"
  
  estraverse@^5.1.0, estraverse@^5.2.0:
    version "5.3.0"
    resolved "https://registry.npmjs.org/estraverse/-/estraverse-5.3.0.tgz"
    integrity sha512-MMdARuVEQziNTeJD8DgMqmhwR11BRQ/cBP+pLtYdSTnf3MIO8fFeiINEbX36ZdNlfU/7A9f3gUw49B3oQsvwBA==
  
  esutils@^2.0.2:
    version "2.0.3"
    resolved "https://registry.npmjs.org/esutils/-/esutils-2.0.3.tgz"
    integrity sha512-kVscqXk4OCp68SZ0dkgEKVi6/8ij300KBWTJq32P/dYeWTSwK41WyTxalN1eRmA5Z9UU/LX9D7FWSmV9SAYx6g==
  
  etag@~1.8.1:
    version "1.8.1"
    resolved "https://registry.npmjs.org/etag/-/etag-1.8.1.tgz"
    integrity sha512-aIL5Fx7mawVa300al2BnEE4iNvo1qETxLrPI/o05L7z6go7fCw1J6EQmbK4FmJ2AS7kgVF/KEZWufBfdClMcPg==
  
  event-emitter@^0.3.5:
    version "0.3.5"
    resolved "https://registry.npmjs.org/event-emitter/-/event-emitter-0.3.5.tgz"
    integrity sha512-D9rRn9y7kLPnJ+hMq7S/nhvoKwwvVJahBi2BPmx3bvbsEdK3W9ii8cBSGjP+72/LnM4n6fo3+dkCX5FeTQruXA==
    dependencies:
      d "1"
      es5-ext "~0.10.14"
  
  event-target-shim@^5.0.0:
    version "5.0.1"
    resolved "https://registry.yarnpkg.com/event-target-shim/-/event-target-shim-5.0.1.tgz#5d4d3ebdf9583d63a5333ce2deb7480ab2b05789"
    integrity sha512-i/2XbnSz/uxRCU6+NdVJgKWDTM427+MqYbkQzD321DuCQJUqOuJKIA0IM2+W2xtYHdKOmZ4dR6fExsd4SXL+WQ==
  
  execa@^5.1.1:
    version "5.1.1"
    resolved "https://registry.npmjs.org/execa/-/execa-5.1.1.tgz"
    integrity sha512-8uSpZZocAZRBAPIEINJj3Lo9HyGitllczc27Eh5YYojjMFMn8yHMDMaUHE2Jqfq05D/wucwI4JGURyXt1vchyg==
    dependencies:
      cross-spawn "^7.0.3"
      get-stream "^6.0.0"
      human-signals "^2.1.0"
      is-stream "^2.0.0"
      merge-stream "^2.0.0"
      npm-run-path "^4.0.1"
      onetime "^5.1.2"
      signal-exit "^3.0.3"
      strip-final-newline "^2.0.0"
  
  expand-template@^2.0.3:
    version "2.0.3"
    resolved "https://registry.yarnpkg.com/expand-template/-/expand-template-2.0.3.tgz#6e14b3fcee0f3a6340ecb57d2e8918692052a47c"
    integrity sha512-XYfuKMvj4O35f/pOXLObndIRvyQ+/+6AhODh+OKWj9S9498pHHn/IMszH+gt0fBCRWMNfk1ZSp5x3AifmnI2vg==
  
  express@^4.18.2:
    version "4.18.2"
    resolved "https://registry.npmjs.org/express/-/express-4.18.2.tgz"
    integrity sha512-5/PsL6iGPdfQ/lKM1UuielYgv3BUoJfz1aUwU9vHZ+J7gyvwdQXFEBIEIaxeGf0GIcreATNyBExtalisDbuMqQ==
    dependencies:
      accepts "~1.3.8"
      array-flatten "1.1.1"
      body-parser "1.20.1"
      content-disposition "0.5.4"
      content-type "~1.0.4"
      cookie "0.5.0"
      cookie-signature "1.0.6"
      debug "2.6.9"
      depd "2.0.0"
      encodeurl "~1.0.2"
      escape-html "~1.0.3"
      etag "~1.8.1"
      finalhandler "1.2.0"
      fresh "0.5.2"
      http-errors "2.0.0"
      merge-descriptors "1.0.1"
      methods "~1.1.2"
      on-finished "2.4.1"
      parseurl "~1.3.3"
      path-to-regexp "0.1.7"
      proxy-addr "~2.0.7"
      qs "6.11.0"
      range-parser "~1.2.1"
      safe-buffer "5.2.1"
      send "0.18.0"
      serve-static "1.15.0"
      setprototypeof "1.2.0"
      statuses "2.0.1"
      type-is "~1.6.18"
      utils-merge "1.0.1"
      vary "~1.1.2"
  
  ext@^1.7.0:
    version "1.7.0"
    resolved "https://registry.npmjs.org/ext/-/ext-1.7.0.tgz"
    integrity sha512-6hxeJYaL110a9b5TEJSj0gojyHQAmA2ch5Os+ySCiA1QGdS697XWY1pzsrSjqA9LDEEgdB/KypIlR59RcLuHYw==
    dependencies:
      type "^2.7.2"
  
  extend@^3.0.2:
    version "3.0.2"
    resolved "https://registry.yarnpkg.com/extend/-/extend-3.0.2.tgz#f8b1136b4071fbd8eb140aff858b1019ec2915fa"
    integrity sha512-fjquC59cD7CyW6urNXK0FBufkZcoiGG80wTuPujX590cB5Ttln20E2UB4S/WARVqhXffZl2LNgS+gQdPIIim/g==
  
  farmhash@^3.3.1:
    version "3.3.1"
    resolved "https://registry.yarnpkg.com/farmhash/-/farmhash-3.3.1.tgz#f497dab369d4deb87ae6df2ab062c3bc160e1df4"
    integrity sha512-XUizHanzlr/v7suBr/o85HSakOoWh6HKXZjFYl5C2+Gj0f0rkw+XTUZzrd9odDsgI9G5tRUcF4wSbKaX04T0DQ==
    dependencies:
      node-addon-api "^5.1.0"
      prebuild-install "^7.1.2"
  
  fast-deep-equal@^3.1.1, fast-deep-equal@^3.1.3:
    version "3.1.3"
    resolved "https://registry.npmjs.org/fast-deep-equal/-/fast-deep-equal-3.1.3.tgz"
    integrity sha512-f3qQ9oQy9j2AhBe/H9VC91wLmKBCCU/gDOnKNAYG5hswO7BLKj09Hc5HYNz9cGI++xlpDCIgDaitVs03ATR84Q==
  
  fast-glob@^3.2.12, fast-glob@^3.3.1:
    version "3.3.1"
    resolved "https://registry.npmjs.org/fast-glob/-/fast-glob-3.3.1.tgz"
    integrity sha512-kNFPyjhh5cKjrUltxs+wFx+ZkbRaxxmZ+X0ZU31SOsxCEtP9VPgtq2teZw1DebupL5GmDaNQ6yKMMVcM41iqDg==
    dependencies:
      "@nodelib/fs.stat" "^2.0.2"
      "@nodelib/fs.walk" "^1.2.3"
      glob-parent "^5.1.2"
      merge2 "^1.3.0"
      micromatch "^4.0.4"
  
  fast-glob@^3.2.9:
    version "3.3.0"
    resolved "https://registry.npmjs.org/fast-glob/-/fast-glob-3.3.0.tgz"
    integrity sha512-ChDuvbOypPuNjO8yIDf36x7BlZX1smcUMTTcyoIjycexOxd6DFsKsg21qVBzEmr3G7fUKIRy2/psii+CIUt7FA==
    dependencies:
      "@nodelib/fs.stat" "^2.0.2"
      "@nodelib/fs.walk" "^1.2.3"
      glob-parent "^5.1.2"
      merge2 "^1.3.0"
      micromatch "^4.0.4"
  
  fast-json-stable-stringify@^2.0.0:
    version "2.1.0"
    resolved "https://registry.npmjs.org/fast-json-stable-stringify/-/fast-json-stable-stringify-2.1.0.tgz"
    integrity sha512-lhd/wF+Lk98HZoTCtlVraHtfh5XYijIjalXck7saUtuanSDyLMxnHhSXEDJqHxD7msR8D0uCmqlkwjCV8xvwHw==
  
  fast-levenshtein@^2.0.6:
    version "2.0.6"
    resolved "https://registry.npmjs.org/fast-levenshtein/-/fast-levenshtein-2.0.6.tgz"
    integrity sha512-DCXu6Ifhqcks7TZKY3Hxp3y6qphY5SJZmrWMDrKcERSOXWQdMhU9Ig/PYrzyw/ul9jOIyh0N4M0tbC5hodg8dw==
  
  fast-safe-stringify@^2.0.7:
    version "2.1.1"
    resolved "https://registry.npmjs.org/fast-safe-stringify/-/fast-safe-stringify-2.1.1.tgz"
    integrity sha512-W+KJc2dmILlPplD/H4K9l9LcAHAfPtP6BY84uVLXQ6Evcz9Lcg33Y2z1IVblT6xdY54PXYVHEv+0Wpq8Io6zkA==
  
  fast-xml-parser@^4.3.0:
    version "4.4.0"
    resolved "https://registry.yarnpkg.com/fast-xml-parser/-/fast-xml-parser-4.4.0.tgz#341cc98de71e9ba9e651a67f41f1752d1441a501"
    integrity sha512-kLY3jFlwIYwBNDojclKsNAC12sfD6NwW74QB2CoNGPvtVxjliYehVunB3HYyNi+n4Tt1dAcgwYvmKF/Z18flqg==
    dependencies:
      strnum "^1.0.5"
  
  fastest-levenshtein@^1.0.16:
    version "1.0.16"
    resolved "https://registry.npmjs.org/fastest-levenshtein/-/fastest-levenshtein-1.0.16.tgz"
    integrity sha512-eRnCtTTtGZFpQCwhJiUOuxPQWRXVKYDn0b2PeHfXL6/Zi53SLAzAHfVhVWK2AryC/WH05kGfxhFIPvTF0SXQzg==
  
  fastq@^1.6.0:
    version "1.15.0"
    resolved "https://registry.npmjs.org/fastq/-/fastq-1.15.0.tgz"
    integrity sha512-wBrocU2LCXXa+lWBt8RoIRD89Fi8OdABODa/kEnyeyjS5aZO5/GNvI5sEINADqP/h8M29UHTHUb53sUu5Ihqdw==
    dependencies:
      reusify "^1.0.4"
  
  faye-websocket@0.11.4:
    version "0.11.4"
    resolved "https://registry.yarnpkg.com/faye-websocket/-/faye-websocket-0.11.4.tgz#7f0d9275cfdd86a1c963dc8b65fcc451edcbb1da"
    integrity sha512-CzbClwlXAuiRQAlUyfqPgvPoNKTckTPGfwZV4ZdAhVcP2lh9KUxJg2b5GkE7XbjKQ3YJnQ9z6D9ntLAlB+tP8g==
    dependencies:
      websocket-driver ">=0.5.1"
  
  fetch-har@^8.1.5:
    version "8.1.5"
    resolved "https://registry.npmjs.org/fetch-har/-/fetch-har-8.1.5.tgz"
    integrity sha512-c9WDro4RWC+suOVRJFNW21cgqTOELRZpvFJgfENvOM7Yt/VA4QeFtRax795SyOpTisdpcl5XNQlQZdAE6HERDA==
    dependencies:
      "@readme/data-urls" "^1.0.1"
      "@types/har-format" "^1.2.8"
      readable-stream "^3.6.0"
    optionalDependencies:
      formdata-node "^4.3.2"
  
  figures@^3.2.0:
    version "3.2.0"
    resolved "https://registry.npmjs.org/figures/-/figures-3.2.0.tgz"
    integrity sha512-yaduQFRKLXYOGgEn6AZau90j3ggSOyiqXU0F9JZfeXYhNa+Jk4X+s45A2zg5jns87GAFa34BBm2kXw4XpNcbdg==
    dependencies:
      escape-string-regexp "^1.0.5"
  
  file-entry-cache@^6.0.1:
    version "6.0.1"
    resolved "https://registry.npmjs.org/file-entry-cache/-/file-entry-cache-6.0.1.tgz"
    integrity sha512-7Gps/XWymbLk2QLYK4NzpMOrYjMhdIxXuIvy2QBsLE6ljuodKvdkWs/cpyJJ3CVIVpH0Oi1Hvg1ovbMzLdFBBg==
    dependencies:
      flat-cache "^3.0.4"
  
  fill-range@^7.0.1:
    version "7.0.1"
    resolved "https://registry.npmjs.org/fill-range/-/fill-range-7.0.1.tgz"
    integrity sha512-qOo9F+dMUmC2Lcb4BbVvnKJxTPjCm+RRpe4gDuGrzkL7mEVl/djYSu2OdQ2Pa302N4oqkSg9ir6jaLWJ2USVpQ==
    dependencies:
      to-regex-range "^5.0.1"
  
  finalhandler@1.2.0:
    version "1.2.0"
    resolved "https://registry.npmjs.org/finalhandler/-/finalhandler-1.2.0.tgz"
    integrity sha512-5uXcUVftlQMFnWC9qu/svkWv3GTd2PfUhK/3PLkYNAe7FbqJMt3515HaxE6eRL74GdsriiwujiawdaB1BpEISg==
    dependencies:
      debug "2.6.9"
      encodeurl "~1.0.2"
      escape-html "~1.0.3"
      on-finished "2.4.1"
      parseurl "~1.3.3"
      statuses "2.0.1"
      unpipe "~1.0.0"
  
  find-cache-dir@^3.3.1:
    version "3.3.2"
    resolved "https://registry.npmjs.org/find-cache-dir/-/find-cache-dir-3.3.2.tgz"
    integrity sha512-wXZV5emFEjrridIgED11OoUKLxiYjAcqot/NJdAkOhlJ+vGzwhOAfcG5OX1jP+S0PcjEn8bdMJv+g2jwQ3Onig==
    dependencies:
      commondir "^1.0.1"
      make-dir "^3.0.2"
      pkg-dir "^4.1.0"
  
  find-up@^4.0.0:
    version "4.1.0"
    resolved "https://registry.npmjs.org/find-up/-/find-up-4.1.0.tgz"
    integrity sha512-PpOwAdQ/YlXQ2vj8a3h8IipDuYRi3wceVQQGYWxNINccq40Anw7BlsEXCMbt1Zt+OLA6Fq9suIpIWD0OsnISlw==
    dependencies:
      locate-path "^5.0.0"
      path-exists "^4.0.0"
  
  find-up@^5.0.0:
    version "5.0.0"
    resolved "https://registry.npmjs.org/find-up/-/find-up-5.0.0.tgz"
    integrity sha512-78/PXT1wlLLDgTzDs7sjq9hzz0vXD+zn+7wypEe4fXQxCmdmqfGsEPQxmiCSQI3ajFV91bVSsvNtrJRiW6nGng==
    dependencies:
      locate-path "^6.0.0"
      path-exists "^4.0.0"
  
  firebase-admin@^12.1.1:
    version "12.1.1"
    resolved "https://registry.yarnpkg.com/firebase-admin/-/firebase-admin-12.1.1.tgz#bdc690189e42663e36cfac5ab1e2d502e856ab9b"
    integrity sha512-Nuoxk//gaYrspS7TvwBINdGvFhh2QeiaWpRW6+PJ+tWyn2/CugBc7jKa1NaBg0AvhGSOXFOCIsXhzCzHA47Rew==
    dependencies:
      "@fastify/busboy" "^2.1.0"
      "@firebase/database-compat" "^1.0.2"
      "@firebase/database-types" "^1.0.0"
      "@types/node" "^20.10.3"
      farmhash "^3.3.1"
      jsonwebtoken "^9.0.0"
      jwks-rsa "^3.1.0"
      long "^5.2.3"
      node-forge "^1.3.1"
      uuid "^9.0.0"
    optionalDependencies:
      "@google-cloud/firestore" "^7.7.0"
      "@google-cloud/storage" "^7.7.0"
  
  flat-cache@^3.0.4:
    version "3.0.4"
    resolved "https://registry.npmjs.org/flat-cache/-/flat-cache-3.0.4.tgz"
    integrity sha512-dm9s5Pw7Jc0GvMYbshN6zchCA9RgQlzzEZX3vylR9IqFfS8XciblUXOKfW6SiuJ0e13eDYZoZV5wdrev7P3Nwg==
    dependencies:
      flatted "^3.1.0"
      rimraf "^3.0.2"
  
  flatted@^3.1.0:
    version "3.2.7"
    resolved "https://registry.npmjs.org/flatted/-/flatted-3.2.7.tgz"
    integrity sha512-5nqDSxl8nn5BSNxyR3n4I6eDmbolI6WT+QqR547RwxQapgjQBmtktdP+HTBb/a/zLsbzERTONyUB5pefh5TtjQ==
  
  for-each@^0.3.3:
    version "0.3.3"
    resolved "https://registry.npmjs.org/for-each/-/for-each-0.3.3.tgz"
    integrity sha512-jqYfLp7mo9vIyQf8ykW2v7A+2N4QjeCeI5+Dz9XraiO1ign81wjiH7Fb9vSOWvQfNtmSa4H2RoQTrrXivdUZmw==
    dependencies:
      is-callable "^1.1.3"
  
  form-data-encoder@^1.7.2:
    version "1.9.0"
    resolved "https://registry.npmjs.org/form-data-encoder/-/form-data-encoder-1.9.0.tgz"
    integrity sha512-rahaRMkN8P8d/tgK/BLPX+WBVM27NbvdXBxqQujBtkDAIFspaRqN7Od7lfdGQA6KAD+f82fYCLBq1ipvcu8qLw==
  
  form-data@^2.5.0:
    version "2.5.1"
    resolved "https://registry.yarnpkg.com/form-data/-/form-data-2.5.1.tgz#f2cbec57b5e59e23716e128fe44d4e5dd23895f4"
    integrity sha512-m21N3WOmEEURgk6B9GLOE4RuWOFf28Lhh9qGYeNlGq4VDXUlJy2th2slBNU8Gp8EzloYZOibZJ7t5ecIrFSjVA==
    dependencies:
      asynckit "^0.4.0"
      combined-stream "^1.0.6"
      mime-types "^2.1.12"
  
  formdata-node@^4.3.2:
    version "4.4.1"
    resolved "https://registry.npmjs.org/formdata-node/-/formdata-node-4.4.1.tgz"
    integrity sha512-0iirZp3uVDjVGt9p49aTaqjk84TrglENEDuqfdlZQ1roC9CWlPk6Avf8EEnZNcAqPonwkG35x4n3ww/1THYAeQ==
    dependencies:
      node-domexception "1.0.0"
      web-streams-polyfill "4.0.0-beta.3"
  
  forwarded@0.2.0:
    version "0.2.0"
    resolved "https://registry.npmjs.org/forwarded/-/forwarded-0.2.0.tgz"
    integrity sha512-buRG0fpBtRHSTCOASe6hD258tEubFoRLb4ZNA6NxMVHNw2gOcwHo9wyablzMzOA5z9xA9L1KNjk/Nt6MT9aYow==
  
  fresh@0.5.2:
    version "0.5.2"
    resolved "https://registry.npmjs.org/fresh/-/fresh-0.5.2.tgz"
    integrity sha512-zJ2mQYM18rEFOudeV4GShTGIQ7RbzA7ozbU9I/XBpm7kqgMywgmylMwXHxZJmkVoYkna9d2pVXVXPdYTP9ej8Q==
  
  fs-constants@^1.0.0:
    version "1.0.0"
    resolved "https://registry.yarnpkg.com/fs-constants/-/fs-constants-1.0.0.tgz#6be0de9be998ce16af8afc24497b9ee9b7ccd9ad"
    integrity sha512-y6OAwoSIf7FyjMIv94u+b5rdheZEjzR63GTyZJm5qh4Bi+2YgwLCcI/fPFZkL5PSixOt6ZNKm+w+Hfp/Bciwow==
  
  fs-readdir-recursive@^1.1.0:
    version "1.1.0"
    resolved "https://registry.npmjs.org/fs-readdir-recursive/-/fs-readdir-recursive-1.1.0.tgz"
    integrity sha512-GNanXlVr2pf02+sPN40XN8HG+ePaNcvM0q5mZBd668Obwb0yD5GiUbZOFgwn8kGMY6I3mdyDJzieUy3PTYyTRA==
  
  fs.realpath@^1.0.0:
    version "1.0.0"
    resolved "https://registry.npmjs.org/fs.realpath/-/fs.realpath-1.0.0.tgz"
    integrity sha512-OO0pH2lK6a0hZnAdau5ItzHPI6pUlvI7jMVnxUQRtw4owF2wk8lOSabtGDCTP4Ggrg2MbGnWO9X8K1t4+fGMDw==
  
  fsevents@~2.3.2:
    version "2.3.3"
    resolved "https://registry.yarnpkg.com/fsevents/-/fsevents-2.3.3.tgz#cac6407785d03675a2a5e1a5305c697b347d90d6"
    integrity sha512-5xoDfX+fL7faATnagmWPpbFtwh/R77WmMMqqHGS65C3vvB0YHrgF+B1YmZ3441tMj5n63k0212XNoJwzlhffQw==
  
  function-bind@^1.1.1:
    version "1.1.1"
    resolved "https://registry.npmjs.org/function-bind/-/function-bind-1.1.1.tgz"
    integrity sha512-yIovAzMX49sF8Yl58fSCWJ5svSLuaibPxXQJFLmBObTuCr0Mf1KiPopGM9NiFjiYBCbfaa2Fh6breQ6ANVTI0A==
  
  function.prototype.name@^1.1.5:
    version "1.1.5"
    resolved "https://registry.npmjs.org/function.prototype.name/-/function.prototype.name-1.1.5.tgz"
    integrity sha512-uN7m/BzVKQnCUF/iW8jYea67v++2u7m5UgENbHRtdDVclOUP+FMPlCNdmk0h/ysGyo2tavMJEDqJAkJdRa1vMA==
    dependencies:
      call-bind "^1.0.2"
      define-properties "^1.1.3"
      es-abstract "^1.19.0"
      functions-have-names "^1.2.2"
  
  function.prototype.name@^1.1.6:
    version "1.1.6"
    resolved "https://registry.npmjs.org/function.prototype.name/-/function.prototype.name-1.1.6.tgz"
    integrity sha512-Z5kx79swU5P27WEayXM1tBi5Ze/lbIyiNgU3qyXUOf9b2rgXYyF9Dy9Cx+IQv/Lc8WCG6L82zwUPpSS9hGehIg==
    dependencies:
      call-bind "^1.0.2"
      define-properties "^1.2.0"
      es-abstract "^1.22.1"
      functions-have-names "^1.2.3"
  
  functional-red-black-tree@^1.0.1:
    version "1.0.1"
    resolved "https://registry.yarnpkg.com/functional-red-black-tree/-/functional-red-black-tree-1.0.1.tgz#1b0ab3bd553b2a0d6399d29c0e3ea0b252078327"
    integrity sha512-dsKNQNdj6xA3T+QlADDA7mOSlX0qiMINjn0cgr+eGHGsbSHzTabcIogz2+p/iqP1Xs6EP/sS2SbqH+brGTbq0g==
  
  functions-have-names@^1.2.2, functions-have-names@^1.2.3:
    version "1.2.3"
    resolved "https://registry.npmjs.org/functions-have-names/-/functions-have-names-1.2.3.tgz"
    integrity sha512-xckBUXyTIqT97tq2x2AMb+g163b5JFysYk0x4qxNFwbfQkmNZoiRHb6sPzI9/QV33WeuvVYBUIiD4NzNIyqaRQ==
  
  gaxios@^6.0.0, gaxios@^6.0.2, gaxios@^6.1.1:
    version "6.6.0"
    resolved "https://registry.yarnpkg.com/gaxios/-/gaxios-6.6.0.tgz#af8242fff0bbb82a682840d5feaa91b6a1c58be4"
    integrity sha512-bpOZVQV5gthH/jVCSuYuokRo2bTKOcuBiVWpjmTn6C5Agl5zclGfTljuGsQZxwwDBkli+YhZhP4TdlqTnhOezQ==
    dependencies:
      extend "^3.0.2"
      https-proxy-agent "^7.0.1"
      is-stream "^2.0.0"
      node-fetch "^2.6.9"
      uuid "^9.0.1"
  
  gcp-metadata@^6.1.0:
    version "6.1.0"
    resolved "https://registry.yarnpkg.com/gcp-metadata/-/gcp-metadata-6.1.0.tgz#9b0dd2b2445258e7597f2024332d20611cbd6b8c"
    integrity sha512-Jh/AIwwgaxan+7ZUUmRLCjtchyDiqh4KjBJ5tW3plBZb5iL/BPcso8A5DlzeD9qlw0duCamnNdpFjxwaT0KyKg==
    dependencies:
      gaxios "^6.0.0"
      json-bigint "^1.0.0"
  
  gensync@^1.0.0-beta.2:
    version "1.0.0-beta.2"
    resolved "https://registry.npmjs.org/gensync/-/gensync-1.0.0-beta.2.tgz"
    integrity sha512-3hN7NaskYvMDLQY55gnW3NQ+mesEAepTqlg+VEbj7zzqEMBVNhzcGYYeqFo/TlYz6eQiFcp1HcsCZO+nGgS8zg==
  
  get-caller-file@^2.0.5:
    version "2.0.5"
    resolved "https://registry.npmjs.org/get-caller-file/-/get-caller-file-2.0.5.tgz"
    integrity sha512-DyFP3BM/3YHTQOCUL/w0OZHR0lpKeGrxotcHWcqNEdnltqFwXVfhEBQ94eIo34AfQpo0rGki4cyIiftY06h2Fg==
  
  get-intrinsic@^1.0.2, get-intrinsic@^1.1.1, get-intrinsic@^1.1.3, get-intrinsic@^1.2.0, get-intrinsic@^1.2.1:
    version "1.2.1"
    resolved "https://registry.npmjs.org/get-intrinsic/-/get-intrinsic-1.2.1.tgz"
    integrity sha512-2DcsyfABl+gVHEfCOaTrWgyt+tb6MSEGmKq+kI5HwLbIYgjgmMcV8KQ41uaKz1xxUcn9tJtgFbQUEVcEbd0FYw==
    dependencies:
      function-bind "^1.1.1"
      has "^1.0.3"
      has-proto "^1.0.1"
      has-symbols "^1.0.3"
  
  get-stream@^6.0.0, get-stream@^6.0.1:
    version "6.0.1"
    resolved "https://registry.npmjs.org/get-stream/-/get-stream-6.0.1.tgz"
    integrity sha512-ts6Wi+2j3jQjqi70w5AlN8DFnkSwC+MqmxEzdEALB2qXZYV3X/b1CTfgPLGJNMeAWxdPfU8FO1ms3NUfaHCPYg==
  
  get-symbol-description@^1.0.0:
    version "1.0.0"
    resolved "https://registry.npmjs.org/get-symbol-description/-/get-symbol-description-1.0.0.tgz"
    integrity sha512-2EmdH1YvIQiZpltCNgkuiUnyukzxM/R6NDJX31Ke3BG1Nq5b0S2PhX59UKi9vZpPDQVdqn+1IcaAwnzTT5vCjw==
    dependencies:
      call-bind "^1.0.2"
      get-intrinsic "^1.1.1"
  
  github-from-package@0.0.0:
    version "0.0.0"
    resolved "https://registry.yarnpkg.com/github-from-package/-/github-from-package-0.0.0.tgz#97fb5d96bfde8973313f20e8288ef9a167fa64ce"
    integrity sha512-SyHy3T1v2NUXn29OsWdxmK6RwHD+vkj3v8en8AOBZ1wBQ/hCAQ5bAQTD02kW4W9tUp/3Qh6J8r9EvntiyCmOOw==
  
  glob-parent@^5.1.2, glob-parent@~5.1.2:
    version "5.1.2"
    resolved "https://registry.npmjs.org/glob-parent/-/glob-parent-5.1.2.tgz"
    integrity sha512-AOIgSQCepiJYwP3ARnGx+5VnTu2HBYdzbGP45eLw1vr3zB3vZLeyed1sC9hnbcOc9/SrMyM5RPQrkGz4aS9Zow==
    dependencies:
      is-glob "^4.0.1"
  
  glob-parent@^6.0.2:
    version "6.0.2"
    resolved "https://registry.npmjs.org/glob-parent/-/glob-parent-6.0.2.tgz"
    integrity sha512-XxwI8EOhVQgWp6iDL+3b0r86f4d6AX6zSU55HfB4ydCEuXLXc5FcYeOu+nnGftS4TEju/11rt4KJPTMgbfmv4A==
    dependencies:
      is-glob "^4.0.3"
  
  glob@7.1.6:
    version "7.1.6"
    resolved "https://registry.npmjs.org/glob/-/glob-7.1.6.tgz"
    integrity sha512-LwaxwyZ72Lk7vZINtNNrywX0ZuLyStrdDtabefZKAY5ZGJhVtgdznluResxNmPitE0SAO+O26sWTHeKSI2wMBA==
    dependencies:
      fs.realpath "^1.0.0"
      inflight "^1.0.4"
      inherits "2"
      minimatch "^3.0.4"
      once "^1.3.0"
      path-is-absolute "^1.0.0"
  
  glob@^7.1.3, glob@^7.2.0:
    version "7.2.3"
    resolved "https://registry.npmjs.org/glob/-/glob-7.2.3.tgz"
    integrity sha512-nFR0zLpU2YCaRxwoCJvL6UvCH2JFyFVIvwTLsIf21AuHlMskA1hhTdk+LlYJtOlYt9v6dvszD2BGRqBL+iQK9Q==
    dependencies:
      fs.realpath "^1.0.0"
      inflight "^1.0.4"
      inherits "2"
      minimatch "^3.1.1"
      once "^1.3.0"
      path-is-absolute "^1.0.0"
  
  global-modules@^2.0.0:
    version "2.0.0"
    resolved "https://registry.npmjs.org/global-modules/-/global-modules-2.0.0.tgz"
    integrity sha512-NGbfmJBp9x8IxyJSd1P+otYK8vonoJactOogrVfFRIAEY1ukil8RSKDz2Yo7wh1oihl51l/r6W4epkeKJHqL8A==
    dependencies:
      global-prefix "^3.0.0"
  
  global-prefix@^3.0.0:
    version "3.0.0"
    resolved "https://registry.npmjs.org/global-prefix/-/global-prefix-3.0.0.tgz"
    integrity sha512-awConJSVCHVGND6x3tmMaKcQvwXLhjdkmomy2W+Goaui8YPgYgXJZewhg3fWC+DlfqqQuWg8AwqjGTD2nAPVWg==
    dependencies:
      ini "^1.3.5"
      kind-of "^6.0.2"
      which "^1.3.1"
  
  globals@^11.1.0:
    version "11.12.0"
    resolved "https://registry.npmjs.org/globals/-/globals-11.12.0.tgz"
    integrity sha512-WOBp/EEGUiIsJSp7wcv/y6MO+lV9UoncWqxuFfm8eBwzWNgyfBd6Gz+IeKQ9jCmyhoH99g15M3T+QaVHFjizVA==
  
  globals@^13.19.0:
    version "13.20.0"
    resolved "https://registry.npmjs.org/globals/-/globals-13.20.0.tgz"
    integrity sha512-Qg5QtVkCy/kv3FUSlu4ukeZDVf9ee0iXLAUYX13gbR17bnejFTzr4iS9bY7kwCf1NztRNm1t91fjOiyx4CSwPQ==
    dependencies:
      type-fest "^0.20.2"
  
  globalthis@^1.0.3:
    version "1.0.3"
    resolved "https://registry.npmjs.org/globalthis/-/globalthis-1.0.3.tgz"
    integrity sha512-sFdI5LyBiNTHjRd7cGPWapiHWMOXKyuBNX/cWJ3NfzrZQVa8GI/8cofCl74AOVqq9W5kNmguTIzJ/1s2gyI9wA==
    dependencies:
      define-properties "^1.1.3"
  
  globby@^11.1.0:
    version "11.1.0"
    resolved "https://registry.npmjs.org/globby/-/globby-11.1.0.tgz"
    integrity sha512-jhIXaOzy1sb8IyocaruWSn1TjmnBVs8Ayhcy83rmxNJ8q2uWKCAj3CnJY+KpGSXCueAPc0i05kVvVKtP1t9S3g==
    dependencies:
      array-union "^2.1.0"
      dir-glob "^3.0.1"
      fast-glob "^3.2.9"
      ignore "^5.2.0"
      merge2 "^1.4.1"
      slash "^3.0.0"
  
  globjoin@^0.1.4:
    version "0.1.4"
    resolved "https://registry.npmjs.org/globjoin/-/globjoin-0.1.4.tgz"
    integrity sha512-xYfnw62CKG8nLkZBfWbhWwDw02CHty86jfPcc2cr3ZfeuK9ysoVPPEUxf21bAD/rWAgk52SuBrLJlefNy8mvFg==
  
  google-auth-library@^9.3.0, google-auth-library@^9.6.3:
    version "9.10.0"
    resolved "https://registry.yarnpkg.com/google-auth-library/-/google-auth-library-9.10.0.tgz#c9fb940923f7ff2569d61982ee1748578c0bbfd4"
    integrity sha512-ol+oSa5NbcGdDqA+gZ3G3mev59OHBZksBTxY/tYwjtcp1H/scAFwJfSQU9/1RALoyZ7FslNbke8j4i3ipwlyuQ==
    dependencies:
      base64-js "^1.3.0"
      ecdsa-sig-formatter "^1.0.11"
      gaxios "^6.1.1"
      gcp-metadata "^6.1.0"
      gtoken "^7.0.0"
      jws "^4.0.0"
  
  google-gax@^4.3.3:
    version "4.3.4"
    resolved "https://registry.yarnpkg.com/google-gax/-/google-gax-4.3.4.tgz#702c8e031008c5a0d2db2ce7c1e560ea8230f31e"
    integrity sha512-upnobdflCz9+Lq9+nOv0pm9EQ+fLhWckz6lQTgLAkLAGggIH2fl+CUj0WgczdbhQDAnA0BSNfXYHglhA/dmZpw==
    dependencies:
      "@grpc/grpc-js" "~1.10.3"
      "@grpc/proto-loader" "^0.7.0"
      "@types/long" "^4.0.0"
      abort-controller "^3.0.0"
      duplexify "^4.0.0"
      google-auth-library "^9.3.0"
      node-fetch "^2.6.1"
      object-hash "^3.0.0"
      proto3-json-serializer "^2.0.0"
      protobufjs "7.3.0"
      retry-request "^7.0.0"
      uuid "^9.0.1"
  
  gopd@^1.0.1:
    version "1.0.1"
    resolved "https://registry.npmjs.org/gopd/-/gopd-1.0.1.tgz"
    integrity sha512-d65bNlIadxvpb/A2abVdlqKqV563juRnZ1Wtk6s1sIR8uNsXR70xqIzVqxVf1eTqDunwT2MkczEeaezCKTZhwA==
    dependencies:
      get-intrinsic "^1.1.3"
  
  grapheme-splitter@^1.0.4:
    version "1.0.4"
    resolved "https://registry.npmjs.org/grapheme-splitter/-/grapheme-splitter-1.0.4.tgz"
    integrity sha512-bzh50DW9kTPM00T8y4o8vQg89Di9oLJVLW/KaOGIXJWP/iqCN6WKYkbNOF04vFLJhwcpYUh9ydh/+5vpOqV4YQ==
  
  graphemer@^1.4.0:
    version "1.4.0"
    resolved "https://registry.npmjs.org/graphemer/-/graphemer-1.4.0.tgz"
    integrity sha512-EtKwoO6kxCL9WO5xipiHTZlSzBm7WLT627TqC/uVRd0HKmq8NXyebnNYxDoBi7wt8eTWrUrKXCOVaFq9x1kgag==
  
  gtoken@^7.0.0:
    version "7.1.0"
    resolved "https://registry.yarnpkg.com/gtoken/-/gtoken-7.1.0.tgz#d61b4ebd10132222817f7222b1e6064bd463fc26"
    integrity sha512-pCcEwRi+TKpMlxAQObHDQ56KawURgyAf6jtIY046fJ5tIv3zDe/LEIubckAO8fj6JnAxLdmWkUfNyulQ2iKdEw==
    dependencies:
      gaxios "^6.0.0"
      jws "^4.0.0"
  
  hard-rejection@^2.1.0:
    version "2.1.0"
    resolved "https://registry.npmjs.org/hard-rejection/-/hard-rejection-2.1.0.tgz"
    integrity sha512-VIZB+ibDhx7ObhAe7OVtoEbuP4h/MuOTHJ+J8h/eBXotJYl0fBgR72xDFCKgIh22OJZIOVNxBMWuhAr10r8HdA==
  
  has-bigints@^1.0.1, has-bigints@^1.0.2:
    version "1.0.2"
    resolved "https://registry.npmjs.org/has-bigints/-/has-bigints-1.0.2.tgz"
    integrity sha512-tSvCKtBr9lkF0Ex0aQiP9N+OpV4zi2r/Nee5VkRDbaqv35RLYMzbwQfFSZZH0kR+Rd6302UJZ2p/bJCEoR3VoQ==
  
  has-flag@^3.0.0:
    version "3.0.0"
    resolved "https://registry.npmjs.org/has-flag/-/has-flag-3.0.0.tgz"
    integrity sha512-sKJf1+ceQBr4SMkvQnBDNDtf4TXpVhVGateu0t918bl30FnbE2m4vNLX+VWe/dpjlb+HugGYzW7uQXH98HPEYw==
  
  has-flag@^4.0.0:
    version "4.0.0"
    resolved "https://registry.npmjs.org/has-flag/-/has-flag-4.0.0.tgz"
    integrity sha512-EykJT/Q1KjTWctppgIAgfSO0tKVuZUjhgMr17kqTumMl6Afv3EISleU7qZUzoXDFTAHTDC4NOoG/ZxU3EvlMPQ==
  
  has-property-descriptors@^1.0.0:
    version "1.0.0"
    resolved "https://registry.npmjs.org/has-property-descriptors/-/has-property-descriptors-1.0.0.tgz"
    integrity sha512-62DVLZGoiEBDHQyqG4w9xCuZ7eJEwNmJRWw2VY84Oedb7WFcA27fiEVe8oUQx9hAUJ4ekurquucTGwsyO1XGdQ==
    dependencies:
      get-intrinsic "^1.1.1"
  
  has-proto@^1.0.1:
    version "1.0.1"
    resolved "https://registry.npmjs.org/has-proto/-/has-proto-1.0.1.tgz"
    integrity sha512-7qE+iP+O+bgF9clE5+UoBFzE65mlBiVj3tKCrlNQ0Ogwm0BjpT/gK4SlLYDMybDh5I3TCTKnPPa0oMG7JDYrhg==
  
  has-symbols@^1.0.2, has-symbols@^1.0.3:
    version "1.0.3"
    resolved "https://registry.npmjs.org/has-symbols/-/has-symbols-1.0.3.tgz"
    integrity sha512-l3LCuF6MgDNwTDKkdYGEihYjt5pRPbEg46rtlmnSPlUbgmB8LOIrKJbYYFBSbnPaJexMKtiPO8hmeRjRz2Td+A==
  
  has-tostringtag@^1.0.0:
    version "1.0.0"
    resolved "https://registry.npmjs.org/has-tostringtag/-/has-tostringtag-1.0.0.tgz"
    integrity sha512-kFjcSNhnlGV1kyoGk7OXKSawH5JOb/LzUc5w9B02hOTO0dfFRjbHQKvg1d6cf3HbeUmtU9VbbV3qzZ2Teh97WQ==
    dependencies:
      has-symbols "^1.0.2"
  
  has@^1.0.3:
    version "1.0.3"
    resolved "https://registry.npmjs.org/has/-/has-1.0.3.tgz"
    integrity sha512-f2dvO0VU6Oej7RkWJGrehjbzMAjFp5/VKPp5tTpWIV4JHHZK1/BxbFRtf/siA2SWTe09caDmVtYYzWEIbBS4zw==
    dependencies:
      function-bind "^1.1.1"
  
  hosted-git-info@^4.0.1:
    version "4.1.0"
    resolved "https://registry.npmjs.org/hosted-git-info/-/hosted-git-info-4.1.0.tgz"
    integrity sha512-kyCuEOWjJqZuDbRHzL8V93NzQhwIB71oFWSyzVo+KPZI+pnQPPxucdkrOZvkLRnrf5URsQM+IJ09Dw29cRALIA==
    dependencies:
      lru-cache "^6.0.0"
  
  html-entities@^2.5.2:
    version "2.5.2"
    resolved "https://registry.yarnpkg.com/html-entities/-/html-entities-2.5.2.tgz#201a3cf95d3a15be7099521620d19dfb4f65359f"
    integrity sha512-K//PSRMQk4FZ78Kyau+mZurHn3FH0Vwr+H36eE0rPbeYkRRi9YxceYPhuN60UwWorxyKHhqoAJl2OFKa4BVtaA==
  
  html-tags@^3.3.1:
    version "3.3.1"
    resolved "https://registry.npmjs.org/html-tags/-/html-tags-3.3.1.tgz"
    integrity sha512-ztqyC3kLto0e9WbNp0aeP+M3kTt+nbaIveGmUxAtZa+8iFgKLUOD4YKM5j+f3QD89bra7UeumolZHKuOXnTmeQ==
  
  http-errors@2.0.0:
    version "2.0.0"
    resolved "https://registry.npmjs.org/http-errors/-/http-errors-2.0.0.tgz"
    integrity sha512-FtwrG/euBzaEjYeRqOgly7G0qviiXoJWnvEH2Z1plBdXgbyjv34pHTSb9zoeHMyDy33+DWy5Wt9Wo+TURtOYSQ==
    dependencies:
      depd "2.0.0"
      inherits "2.0.4"
      setprototypeof "1.2.0"
      statuses "2.0.1"
      toidentifier "1.0.1"
  
  http-parser-js@>=0.5.1:
    version "0.5.8"
    resolved "https://registry.yarnpkg.com/http-parser-js/-/http-parser-js-0.5.8.tgz#af23090d9ac4e24573de6f6aecc9d84a48bf20e3"
    integrity sha512-SGeBX54F94Wgu5RH3X5jsDtf4eHyRogWX1XGT3b4HuW3tQPM4AaBzoUji/4AAJNXCEOWZ5O0DgZmJw1947gD5Q==
  
  http-proxy-agent@^5.0.0:
    version "5.0.0"
    resolved "https://registry.yarnpkg.com/http-proxy-agent/-/http-proxy-agent-5.0.0.tgz#5129800203520d434f142bc78ff3c170800f2b43"
    integrity sha512-n2hY8YdoRE1i7r6M0w9DIw5GgZN0G25P8zLCRQ8rjXtTU3vsNFBI/vWK/UIeE6g5MUUz6avwAPXmL6Fy9D/90w==
    dependencies:
      "@tootallnate/once" "2"
      agent-base "6"
      debug "4"
  
  http2-client@^1.2.5:
    version "1.3.5"
    resolved "https://registry.npmjs.org/http2-client/-/http2-client-1.3.5.tgz"
    integrity sha512-EC2utToWl4RKfs5zd36Mxq7nzHHBuomZboI0yYL6Y0RmBgT7Sgkq4rQ0ezFTYoIsSs7Tm9SJe+o2FcAg6GBhGA==
  
  https-proxy-agent@^5.0.0:
    version "5.0.1"
    resolved "https://registry.yarnpkg.com/https-proxy-agent/-/https-proxy-agent-5.0.1.tgz#c59ef224a04fe8b754f3db0063a25ea30d0005d6"
    integrity sha512-dFcAjpTQFgoLMzC2VwU+C/CbS7uRL0lWmxDITmqm7C+7F0Odmj6s9l6alZc6AELXhrnggM2CeWSXHGOdX2YtwA==
    dependencies:
      agent-base "6"
      debug "4"
  
  https-proxy-agent@^7.0.1:
    version "7.0.4"
    resolved "https://registry.yarnpkg.com/https-proxy-agent/-/https-proxy-agent-7.0.4.tgz#8e97b841a029ad8ddc8731f26595bad868cb4168"
    integrity sha512-wlwpilI7YdjSkWaQ/7omYBMTliDcmCN8OLihO6I9B86g06lMyAoqgoDpV0XqoaPOKj+0DIdAvnsWfyAAhmimcg==
    dependencies:
      agent-base "^7.0.2"
      debug "4"
  
  human-signals@^2.1.0:
    version "2.1.0"
    resolved "https://registry.npmjs.org/human-signals/-/human-signals-2.1.0.tgz"
    integrity sha512-B4FFZ6q/T2jhhksgkbEW3HBvWIfDW85snkQgawt07S7J5QXTk6BkNV+0yAeZrM5QpMAdYlocGoljn0sJ/WQkFw==
  
  iconv-lite@0.4.24:
    version "0.4.24"
    resolved "https://registry.npmjs.org/iconv-lite/-/iconv-lite-0.4.24.tgz"
    integrity sha512-v3MXnZAcvnywkTUEZomIActle7RXXeedOR31wwl7VlyoXO4Qi9arvSenNQWne1TcRwhCL1HwLI21bEqdpj8/rA==
    dependencies:
      safer-buffer ">= 2.1.2 < 3"
  
  ieee754@^1.1.13:
    version "1.2.1"
    resolved "https://registry.npmjs.org/ieee754/-/ieee754-1.2.1.tgz"
    integrity sha512-dcyqhDvX1C46lXZcVqCpK+FtMRQVdIMN6/Df5js2zouUsqG7I6sFxitIC+7KYK29KdXOLHdu9zL4sFnoVQnqaA==
  
  ignore-by-default@^1.0.1:
    version "1.0.1"
    resolved "https://registry.npmjs.org/ignore-by-default/-/ignore-by-default-1.0.1.tgz"
    integrity sha512-Ius2VYcGNk7T90CppJqcIkS5ooHUZyIQK+ClZfMfMNFEF9VSE73Fq+906u/CWu92x4gzZMWOwfFYckPObzdEbA==
  
  ignore@^5.2.0, ignore@^5.2.4:
    version "5.2.4"
    resolved "https://registry.npmjs.org/ignore/-/ignore-5.2.4.tgz"
    integrity sha512-MAb38BcSbH0eHNBxn7ql2NH/kX33OkB3lZ1BNdh7ENeRChHTYsTvWrMubiIAMNS2llXEEgZ1MUOBtXChP3kaFQ==
  
  image-size@1.0.0:
    version "1.0.0"
    resolved "https://registry.npmjs.org/image-size/-/image-size-1.0.0.tgz"
    integrity sha512-JLJ6OwBfO1KcA+TvJT+v8gbE6iWbj24LyDNFgFEN0lzegn6cC6a/p3NIDaepMsJjQjlUWqIC7wJv8lBFxPNjcw==
    dependencies:
      queue "6.0.2"
  
  import-fresh@^3.2.1:
    version "3.3.0"
    resolved "https://registry.npmjs.org/import-fresh/-/import-fresh-3.3.0.tgz"
    integrity sha512-veYYhQa+D1QBKznvhUHxb8faxlrwUnxseDAbAp457E0wLNio2bOSKnjYDhMj+YiAq61xrMGhQk9iXVk5FzgQMw==
    dependencies:
      parent-module "^1.0.0"
      resolve-from "^4.0.0"
  
  import-lazy@^4.0.0:
    version "4.0.0"
    resolved "https://registry.npmjs.org/import-lazy/-/import-lazy-4.0.0.tgz"
    integrity sha512-rKtvo6a868b5Hu3heneU+L4yEQ4jYKLtjpnPeUdK7h0yzXGmyBTypknlkCvHFBqfX9YlorEiMM6Dnq/5atfHkw==
  
  imurmurhash@^0.1.4:
    version "0.1.4"
    resolved "https://registry.npmjs.org/imurmurhash/-/imurmurhash-0.1.4.tgz"
    integrity sha512-JmXMZ6wuvDmLiHEml9ykzqO6lwFbof0GG4IkcGaENdCRDDmMVnny7s5HsIgHCbaq0w2MyPhDqkhTUgS2LU2PHA==
  
  indent-string@^5.0.0:
    version "5.0.0"
    resolved "https://registry.npmjs.org/indent-string/-/indent-string-5.0.0.tgz"
    integrity sha512-m6FAo/spmsW2Ab2fU35JTYwtOKa2yAwXSwgjSv1TJzh4Mh7mC3lzAOVLBprb72XsTrgkEIsl7YrFNAiDiRhIGg==
  
  inflight@^1.0.4:
    version "1.0.6"
    resolved "https://registry.npmjs.org/inflight/-/inflight-1.0.6.tgz"
    integrity sha512-k92I/b08q4wvFscXCLvqfsHCrjrF7yiXsQuIVvVE7N82W3+aqpzuUdBbfhWcy/FZR3/4IgflMgKLOsvPDrGCJA==
    dependencies:
      once "^1.3.0"
      wrappy "1"
  
  inherits@2, inherits@2.0.4, inherits@^2.0.3, inherits@^2.0.4, inherits@~2.0.3:
    version "2.0.4"
    resolved "https://registry.npmjs.org/inherits/-/inherits-2.0.4.tgz"
    integrity sha512-k/vGaX4/Yla3WzyMCvTQOXYeIHvqOKtnqBduzTHpzpQZzAskKMhZ2K+EnBiSM9zGSoIFeMpXKxa4dYeZIQqewQ==
  
  ini@^1.3.5, ini@~1.3.0:
    version "1.3.8"
    resolved "https://registry.npmjs.org/ini/-/ini-1.3.8.tgz"
    integrity sha512-JV/yugV2uzW5iMRSiZAyDtQd+nxtUnjeLt0acNdw98kKLrvuRVyB80tsREOE7yvGVgalhZ6RNXCmEHkUKBKxew==
  
  internal-slot@^1.0.5:
    version "1.0.5"
    resolved "https://registry.npmjs.org/internal-slot/-/internal-slot-1.0.5.tgz"
    integrity sha512-Y+R5hJrzs52QCG2laLn4udYVnxsfny9CpOhNhUvk/SSSVyF6T27FzRbF0sroPidSu3X8oEAkOn2K804mjpt6UQ==
    dependencies:
      get-intrinsic "^1.2.0"
      has "^1.0.3"
      side-channel "^1.0.4"
  
  ip@^2.0.0:
    version "2.0.0"
    resolved "https://registry.npmjs.org/ip/-/ip-2.0.0.tgz"
    integrity sha512-WKa+XuLG1A1R0UWhl2+1XQSi+fZWMsYKffMZTTYsiZaUD8k2yDAj5atimTUD2TZkyCkNEeYE5NhFZmupOGtjYQ==
  
  ipaddr.js@1.9.1:
    version "1.9.1"
    resolved "https://registry.npmjs.org/ipaddr.js/-/ipaddr.js-1.9.1.tgz"
    integrity sha512-0KI/607xoxSToH7GjN1FfSbLoU0+btTicjsQSWQlh/hZykN8KpmMf7uYwPW3R+akZ6R/w18ZlXSHBYXiYUPO3g==
  
  is-array-buffer@^3.0.1, is-array-buffer@^3.0.2:
    version "3.0.2"
    resolved "https://registry.npmjs.org/is-array-buffer/-/is-array-buffer-3.0.2.tgz"
    integrity sha512-y+FyyR/w8vfIRq4eQcM1EYgSTnmHXPqaF+IgzgraytCFq5Xh8lllDVmAZolPJiZttZLeFSINPYMaEJ7/vWUa1w==
    dependencies:
      call-bind "^1.0.2"
      get-intrinsic "^1.2.0"
      is-typed-array "^1.1.10"
  
  is-arrayish@^0.2.1:
    version "0.2.1"
    resolved "https://registry.npmjs.org/is-arrayish/-/is-arrayish-0.2.1.tgz"
    integrity sha512-zz06S8t0ozoDXMG+ube26zeCTNXcKIPJZJi8hBrF4idCLms4CG9QtK7qBl1boi5ODzFpjswb5JPmHCbMpjaYzg==
  
  is-bigint@^1.0.1:
    version "1.0.4"
    resolved "https://registry.npmjs.org/is-bigint/-/is-bigint-1.0.4.tgz"
    integrity sha512-zB9CruMamjym81i2JZ3UMn54PKGsQzsJeo6xvN3HJJ4CAsQNB6iRutp2To77OfCNuoxspsIhzaPoO1zyCEhFOg==
    dependencies:
      has-bigints "^1.0.1"
  
  is-binary-path@~2.1.0:
    version "2.1.0"
    resolved "https://registry.npmjs.org/is-binary-path/-/is-binary-path-2.1.0.tgz"
    integrity sha512-ZMERYes6pDydyuGidse7OsHxtbI7WVeUEozgR/g7rd0xUimYNlvZRE/K2MgZTjWy725IfelLeVcEM97mmtRGXw==
    dependencies:
      binary-extensions "^2.0.0"
  
  is-boolean-object@^1.1.0:
    version "1.1.2"
    resolved "https://registry.npmjs.org/is-boolean-object/-/is-boolean-object-1.1.2.tgz"
    integrity sha512-gDYaKHJmnj4aWxyj6YHyXVpdQawtVLHU5cb+eztPGczf6cjuTdwve5ZIEfgXqH4e57An1D1AKf8CZ3kYrQRqYA==
    dependencies:
      call-bind "^1.0.2"
      has-tostringtag "^1.0.0"
  
  is-callable@^1.1.3, is-callable@^1.1.4, is-callable@^1.2.7:
    version "1.2.7"
    resolved "https://registry.npmjs.org/is-callable/-/is-callable-1.2.7.tgz"
    integrity sha512-1BC0BVFhS/p0qtw6enp8e+8OD0UrK0oFLztSjNzhcKA3WDuJxxAPXzPuPtKkjEY9UUoEWlX/8fgKeu2S8i9JTA==
  
  is-core-module@^2.11.0, is-core-module@^2.5.0:
    version "2.12.1"
    resolved "https://registry.npmjs.org/is-core-module/-/is-core-module-2.12.1.tgz"
    integrity sha512-Q4ZuBAe2FUsKtyQJoQHlvP8OvBERxO3jEmy1I7hcRXcJBGGHFh/aJBswbXuS9sgrDH2QUO8ilkwNPHvHMd8clg==
    dependencies:
      has "^1.0.3"
  
  is-core-module@^2.13.0:
    version "2.13.0"
    resolved "https://registry.npmjs.org/is-core-module/-/is-core-module-2.13.0.tgz"
    integrity sha512-Z7dk6Qo8pOCp3l4tsX2C5ZVas4V+UxwQodwZhLopL91TX8UyyHEXafPcyoeeWuLrwzHcr3igO78wNLwHJHsMCQ==
    dependencies:
      has "^1.0.3"
  
  is-date-object@^1.0.1:
    version "1.0.5"
    resolved "https://registry.npmjs.org/is-date-object/-/is-date-object-1.0.5.tgz"
    integrity sha512-9YQaSxsAiSwcvS33MBk3wTCVnWK+HhF8VZR2jRxehM16QcVOdHqPn4VPHmRK4lSr38n9JriurInLcP90xsYNfQ==
    dependencies:
      has-tostringtag "^1.0.0"
  
  is-extglob@^2.1.1:
    version "2.1.1"
    resolved "https://registry.npmjs.org/is-extglob/-/is-extglob-2.1.1.tgz"
    integrity sha512-SbKbANkN603Vi4jEZv49LeVJMn4yGwsbzZworEoyEiutsN3nJYdbO36zfhGJ6QEDpOZIFkDtnq5JRxmvl3jsoQ==
  
  is-fullwidth-code-point@^3.0.0:
    version "3.0.0"
    resolved "https://registry.npmjs.org/is-fullwidth-code-point/-/is-fullwidth-code-point-3.0.0.tgz"
    integrity sha512-zymm5+u+sCsSWyD9qNaejV3DFvhCKclKdizYaJUuHA83RLjb7nSuGnddCHGv0hk+KY7BMAlsWeK4Ueg6EV6XQg==
  
  is-glob@^4.0.0, is-glob@^4.0.1, is-glob@^4.0.3, is-glob@~4.0.1:
    version "4.0.3"
    resolved "https://registry.npmjs.org/is-glob/-/is-glob-4.0.3.tgz"
    integrity sha512-xelSayHH36ZgE7ZWhli7pW34hNbNl8Ojv5KVmkJD4hBdD3th8Tfk9vYasLM+mXWOZhFkgZfxhLSnrwRr4elSSg==
    dependencies:
      is-extglob "^2.1.1"
  
  is-interactive@^1.0.0:
    version "1.0.0"
    resolved "https://registry.npmjs.org/is-interactive/-/is-interactive-1.0.0.tgz"
    integrity sha512-2HvIEKRoqS62guEC+qBjpvRubdX910WCMuJTZ+I9yvqKU2/12eSL549HMwtabb4oupdj2sMP50k+XJfB/8JE6w==
  
  is-negative-zero@^2.0.2:
    version "2.0.2"
    resolved "https://registry.npmjs.org/is-negative-zero/-/is-negative-zero-2.0.2.tgz"
    integrity sha512-dqJvarLawXsFbNDeJW7zAz8ItJ9cd28YufuuFzh0G8pNHjJMnY08Dv7sYX2uF5UpQOwieAeOExEYAWWfu7ZZUA==
  
  is-number-object@^1.0.4:
    version "1.0.7"
    resolved "https://registry.npmjs.org/is-number-object/-/is-number-object-1.0.7.tgz"
    integrity sha512-k1U0IRzLMo7ZlYIfzRu23Oh6MiIFasgpb9X76eqfFZAqwH44UI4KTBvBYIZ1dSL9ZzChTB9ShHfLkR4pdW5krQ==
    dependencies:
      has-tostringtag "^1.0.0"
  
  is-number@^7.0.0:
    version "7.0.0"
    resolved "https://registry.npmjs.org/is-number/-/is-number-7.0.0.tgz"
    integrity sha512-41Cifkg6e8TylSpdtTpeLVMqvSBEVzTttHvERD741+pnZ8ANv0004MRL43QKPDlK9cGvNp6NZWZUBlbGXYxxng==
  
  is-path-inside@^3.0.3:
    version "3.0.3"
    resolved "https://registry.npmjs.org/is-path-inside/-/is-path-inside-3.0.3.tgz"
    integrity sha512-Fd4gABb+ycGAmKou8eMftCupSir5lRxqf4aD/vd0cD2qc4HL07OjCeuHMr8Ro4CoMaeCKDB0/ECBOVWjTwUvPQ==
  
  is-plain-obj@^1.1.0:
    version "1.1.0"
    resolved "https://registry.npmjs.org/is-plain-obj/-/is-plain-obj-1.1.0.tgz"
    integrity sha512-yvkRyxmFKEOQ4pNXCmJG5AEQNlXJS5LaONXo5/cLdTZdWvsZ1ioJEonLGAosKlMWE8lwUy/bJzMjcw8az73+Fg==
  
  is-plain-object@^5.0.0:
    version "5.0.0"
    resolved "https://registry.npmjs.org/is-plain-object/-/is-plain-object-5.0.0.tgz"
    integrity sha512-VRSzKkbMm5jMDoKLbltAkFQ5Qr7VDiTFGXxYFXXowVj387GeGNOCsOH6Msy00SGZ3Fp84b1Naa1psqgcCIEP5Q==
  
  is-promise@^2.2.2:
    version "2.2.2"
    resolved "https://registry.npmjs.org/is-promise/-/is-promise-2.2.2.tgz"
    integrity sha512-+lP4/6lKUBfQjZ2pdxThZvLUAafmZb8OAxFb8XXtiQmS35INgr85hdOGoEs124ez1FCnZJt6jau/T+alh58QFQ==
  
  is-regex@^1.1.4:
    version "1.1.4"
    resolved "https://registry.npmjs.org/is-regex/-/is-regex-1.1.4.tgz"
    integrity sha512-kvRdxDsxZjhzUX07ZnLydzS1TU/TJlTUHHY4YLL87e37oUA49DfkLqgy+VjFocowy29cKvcSiu+kIv728jTTVg==
    dependencies:
      call-bind "^1.0.2"
      has-tostringtag "^1.0.0"
  
  is-shared-array-buffer@^1.0.2:
    version "1.0.2"
    resolved "https://registry.npmjs.org/is-shared-array-buffer/-/is-shared-array-buffer-1.0.2.tgz"
    integrity sha512-sqN2UDu1/0y6uvXyStCOzyhAjCSlHceFoMKJW8W9EU9cvic/QdsZ0kEU93HEy3IUEFZIiH/3w+AH/UQbPHNdhA==
    dependencies:
      call-bind "^1.0.2"
  
  is-stream@^2.0.0:
    version "2.0.1"
    resolved "https://registry.npmjs.org/is-stream/-/is-stream-2.0.1.tgz"
    integrity sha512-hFoiJiTl63nn+kstHGBtewWSKnQLpyb155KHheA1l39uvtO9nWIop1p3udqPcUd/xbF1VLMO4n7OI6p7RbngDg==
  
  is-string@^1.0.5, is-string@^1.0.7:
    version "1.0.7"
    resolved "https://registry.npmjs.org/is-string/-/is-string-1.0.7.tgz"
    integrity sha512-tE2UXzivje6ofPW7l23cjDOMa09gb7xlAqG6jG5ej6uPV32TlWP3NKPigtaGeHNu9fohccRYvIiZMfOOnOYUtg==
    dependencies:
      has-tostringtag "^1.0.0"
  
  is-symbol@^1.0.2, is-symbol@^1.0.3:
    version "1.0.4"
    resolved "https://registry.npmjs.org/is-symbol/-/is-symbol-1.0.4.tgz"
    integrity sha512-C/CPBqKWnvdcxqIARxyOh4v1UUEOCHpgDa0WYgpKDFMszcrPcffg5uhwSgPCLD2WWxmq6isisz87tzT01tuGhg==
    dependencies:
      has-symbols "^1.0.2"
  
  is-typed-array@^1.1.10, is-typed-array@^1.1.9:
    version "1.1.10"
    resolved "https://registry.npmjs.org/is-typed-array/-/is-typed-array-1.1.10.tgz"
    integrity sha512-PJqgEHiWZvMpaFZ3uTc8kHPM4+4ADTlDniuQL7cU/UDA0Ql7F70yGfHph3cLNe+c9toaigv+DFzTJKhc2CtO6A==
    dependencies:
      available-typed-arrays "^1.0.5"
      call-bind "^1.0.2"
      for-each "^0.3.3"
      gopd "^1.0.1"
      has-tostringtag "^1.0.0"
  
  is-typed-array@^1.1.12:
    version "1.1.12"
    resolved "https://registry.npmjs.org/is-typed-array/-/is-typed-array-1.1.12.tgz"
    integrity sha512-Z14TF2JNG8Lss5/HMqt0//T9JeHXttXy5pH/DBU4vi98ozO2btxzq9MwYDZYnKwU8nRsz/+GVFVRDq3DkVuSPg==
    dependencies:
      which-typed-array "^1.1.11"
  
  is-unicode-supported@^0.1.0:
    version "0.1.0"
    resolved "https://registry.npmjs.org/is-unicode-supported/-/is-unicode-supported-0.1.0.tgz"
    integrity sha512-knxG2q4UC3u8stRGyAVJCOdxFmv5DZiRcdlIaAQXAbSfJya+OhopNotLQrstBhququ4ZpuKbDc/8S6mgXgPFPw==
  
  is-weakref@^1.0.2:
    version "1.0.2"
    resolved "https://registry.npmjs.org/is-weakref/-/is-weakref-1.0.2.tgz"
    integrity sha512-qctsuLZmIQ0+vSSMfoVvyFe2+GSEvnmZ2ezTup1SBse9+twCCeial6EEi3Nc2KFcf6+qz2FBPnjXsk8xhKSaPQ==
    dependencies:
      call-bind "^1.0.2"
  
  isarray@^2.0.5:
    version "2.0.5"
    resolved "https://registry.npmjs.org/isarray/-/isarray-2.0.5.tgz"
    integrity sha512-xHjhDr3cNBK0BzdUJSPXZntQUx/mwMS5Rw4A7lPJ90XGAO6ISP/ePDNuo0vhqOZU+UD5JoodwCAAoZQd3FeAKw==
  
  isarray@~1.0.0:
    version "1.0.0"
    resolved "https://registry.npmjs.org/isarray/-/isarray-1.0.0.tgz"
    integrity sha512-VLghIWNM6ELQzo7zwmcg0NmTVyWKYjvIeM83yjp0wRDTmUnrM678fQbcKBo6n2CJEF0szoG//ytg+TKla89ALQ==
  
  isexe@^2.0.0:
    version "2.0.0"
    resolved "https://registry.npmjs.org/isexe/-/isexe-2.0.0.tgz"
    integrity sha512-RHxMLp9lnKHGHRng9QFhRCMbYAcVpn69smSGcq3f36xjgVVWThj4qqLbTLlq7Ssj8B+fIQ1EuCEGI2lKsyQeIw==
  
  isomorphic-fetch@^3.0.0:
    version "3.0.0"
    resolved "https://registry.npmjs.org/isomorphic-fetch/-/isomorphic-fetch-3.0.0.tgz"
    integrity sha512-qvUtwJ3j6qwsF3jLxkZ72qCgjMysPzDfeV240JHiGZsANBYd+EEuu35v7dfrJ9Up0Ak07D7GGSkGhCHTqg/5wA==
    dependencies:
      node-fetch "^2.6.1"
      whatwg-fetch "^3.4.1"
  
  jose@^4.14.6:
    version "4.15.5"
    resolved "https://registry.yarnpkg.com/jose/-/jose-4.15.5.tgz#6475d0f467ecd3c630a1b5dadd2735a7288df706"
    integrity sha512-jc7BFxgKPKi94uOvEmzlSWFFe2+vASyXaKUpdQKatWAESU2MWjDfFf0fdfc83CDKcA5QecabZeNLyfhe3yKNkg==
  
  js-tokens@^4.0.0:
    version "4.0.0"
    resolved "https://registry.npmjs.org/js-tokens/-/js-tokens-4.0.0.tgz"
    integrity sha512-RdJUflcE3cUzKiMqQgsCu06FPu9UdIJO0beYbPhHN4k6apgJtifcoCtT9bcxOpYBtpD2kCM6Sbzg4CausW/PKQ==
  
  js-yaml@^4.1.0:
    version "4.1.0"
    resolved "https://registry.npmjs.org/js-yaml/-/js-yaml-4.1.0.tgz"
    integrity sha512-wpxZs9NoxZaJESJGIZTyDEaYpl0FKSA+FB9aJiyemKhMwkxQg63h4T1KJgUGHpTqPDNRcmmYLugrRjJlBtWvRA==
    dependencies:
      argparse "^2.0.1"
  
  jsesc@^2.5.1:
    version "2.5.2"
    resolved "https://registry.npmjs.org/jsesc/-/jsesc-2.5.2.tgz"
    integrity sha512-OYu7XEzjkCQ3C5Ps3QIZsQfNpqoJyZZA99wd9aWd05NCtC5pWOkShK2mkL6HXQR6/Cy2lbNdPlZBpuQHXE63gA==
  
  json-bigint@^1.0.0:
    version "1.0.0"
    resolved "https://registry.yarnpkg.com/json-bigint/-/json-bigint-1.0.0.tgz#ae547823ac0cad8398667f8cd9ef4730f5b01ff1"
    integrity sha512-SiPv/8VpZuWbvLSMtTDU8hEfrZWg/mH/nV/b4o0CYbSxu1UIQPLdwKOCIyLQX+VIPO5vrLX3i8qtqFyhdPSUSQ==
    dependencies:
      bignumber.js "^9.0.0"
  
  json-parse-even-better-errors@^2.3.0:
    version "2.3.1"
    resolved "https://registry.npmjs.org/json-parse-even-better-errors/-/json-parse-even-better-errors-2.3.1.tgz"
    integrity sha512-xyFwyhro/JEof6Ghe2iz2NcXoj2sloNsWr/XsERDK/oiPCfaNhl5ONfp+jQdAZRQQ0IJWNzH9zIZF7li91kh2w==
  
  json-schema-compare@^0.2.2:
    version "0.2.2"
    resolved "https://registry.npmjs.org/json-schema-compare/-/json-schema-compare-0.2.2.tgz"
    integrity sha512-c4WYmDKyJXhs7WWvAWm3uIYnfyWFoIp+JEoX34rctVvEkMYCPGhXtvmFFXiffBbxfZsvQ0RNnV5H7GvDF5HCqQ==
    dependencies:
      lodash "^4.17.4"
  
  json-schema-merge-allof@^0.8.1:
    version "0.8.1"
    resolved "https://registry.npmjs.org/json-schema-merge-allof/-/json-schema-merge-allof-0.8.1.tgz"
    integrity sha512-CTUKmIlPJbsWfzRRnOXz+0MjIqvnleIXwFTzz+t9T86HnYX/Rozria6ZVGLktAU9e+NygNljveP+yxqtQp/Q4w==
    dependencies:
      compute-lcm "^1.1.2"
      json-schema-compare "^0.2.2"
      lodash "^4.17.20"
  
  json-schema-to-ts@^2.6.2-beta.0:
    version "2.12.0"
    resolved "https://registry.npmjs.org/json-schema-to-ts/-/json-schema-to-ts-2.12.0.tgz"
    integrity sha512-uTde38yBm5lzJSRPWRaasxZo72pb+JGE4iUksNdNfAkFaLhV4N9akeBxPPUpZy5onINt9Zo0oTLrAoEXyZESiQ==
    dependencies:
      "@babel/runtime" "^7.18.3"
      "@types/json-schema" "^7.0.9"
      ts-algebra "^1.2.2"
  
  json-schema-traverse@^0.4.1:
    version "0.4.1"
    resolved "https://registry.npmjs.org/json-schema-traverse/-/json-schema-traverse-0.4.1.tgz"
    integrity sha512-xbbCH5dCYU5T8LcEhhuh7HJ88HXuW3qsI3Y0zOZFKfZEHcpWiHU/Jxzk629Brsab/mMiHQti9wMP+845RPe3Vg==
  
  json-schema-traverse@^1.0.0:
    version "1.0.0"
    resolved "https://registry.npmjs.org/json-schema-traverse/-/json-schema-traverse-1.0.0.tgz"
    integrity sha512-NM8/P9n3XjXhIZn1lLhkFaACTOURQXjWhV4BA/RnOv8xvgqtqpAX9IO4mRQxSx1Rlo4tqzeqb0sOlruaOy3dug==
  
  json-stable-stringify-without-jsonify@^1.0.1:
    version "1.0.1"
    resolved "https://registry.npmjs.org/json-stable-stringify-without-jsonify/-/json-stable-stringify-without-jsonify-1.0.1.tgz"
    integrity sha512-Bdboy+l7tA3OGW6FjyFHWkP5LuByj1Tk33Ljyq0axyzdk9//JSi2u3fP1QSmd1KNwq6VOKYGlAu87CisVir6Pw==
  
  json-to-ast@^2.0.3:
    version "2.1.0"
    resolved "https://registry.npmjs.org/json-to-ast/-/json-to-ast-2.1.0.tgz"
    integrity sha512-W9Lq347r8tA1DfMvAGn9QNcgYm4Wm7Yc+k8e6vezpMnRT+NHbtlxgNBXRVjXe9YM6eTn6+p/MKOlV/aABJcSnQ==
    dependencies:
      code-error-fragment "0.0.230"
      grapheme-splitter "^1.0.4"
  
  json5@^1.0.2:
    version "1.0.2"
    resolved "https://registry.npmjs.org/json5/-/json5-1.0.2.tgz"
    integrity sha512-g1MWMLBiz8FKi1e4w0UyVL3w+iJceWAFBAaBnnGKOpNa5f8TLktkbre1+s6oICydWAm+HRUGTmI+//xv2hvXYA==
    dependencies:
      minimist "^1.2.0"
  
  json5@^2.2.3:
    version "2.2.3"
    resolved "https://registry.npmjs.org/json5/-/json5-2.2.3.tgz"
    integrity sha512-XmOWe7eyHYH14cLdVPoyg+GOH3rYX++KpzrylJwSW98t3Nk+U8XOl8FWKOgwtzdb8lXGf6zYwDUzeHMWfxasyg==
  
  jsonc-parser@3.2.0:
    version "3.2.0"
    resolved "https://registry.npmjs.org/jsonc-parser/-/jsonc-parser-3.2.0.tgz"
    integrity sha512-gfFQZrcTc8CnKXp6Y4/CBT3fTc0OVuDofpre4aEeEpSBPV5X5v4+Vmx+8snU7RLPrNHPKSgLxGo9YuQzz20o+w==
  
  jsonpath-plus@^7.2.0:
    version "7.2.0"
    resolved "https://registry.npmjs.org/jsonpath-plus/-/jsonpath-plus-7.2.0.tgz"
    integrity sha512-zBfiUPM5nD0YZSBT/o/fbCUlCcepMIdP0CJZxM1+KgA4f2T206f6VAg9e7mX35+KlMaIc5qXW34f3BnwJ3w+RA==
  
  jsonpointer@^5.0.0:
    version "5.0.1"
    resolved "https://registry.npmjs.org/jsonpointer/-/jsonpointer-5.0.1.tgz"
    integrity sha512-p/nXbhSEcu3pZRdkW1OfJhpsVtW1gd4Wa1fnQc9YLiTfAjn0312eMKimbdIQzuZl9aa9xUGaRlP9T/CJE/ditQ==
  
  jsonwebtoken@^9.0.0, jsonwebtoken@^9.0.2:
    version "9.0.2"
    resolved "https://registry.npmjs.org/jsonwebtoken/-/jsonwebtoken-9.0.2.tgz"
    integrity sha512-PRp66vJ865SSqOlgqS8hujT5U4AOgMfhrwYIuIhfKaoSCZcirrmASQr8CX7cUg+RMih+hgznrjp99o+W4pJLHQ==
    dependencies:
      jws "^3.2.2"
      lodash.includes "^4.3.0"
      lodash.isboolean "^3.0.3"
      lodash.isinteger "^4.0.4"
      lodash.isnumber "^3.0.3"
      lodash.isplainobject "^4.0.6"
      lodash.isstring "^4.0.1"
      lodash.once "^4.0.0"
      ms "^2.1.1"
      semver "^7.5.4"
  
  jwa@^1.4.1:
    version "1.4.1"
    resolved "https://registry.npmjs.org/jwa/-/jwa-1.4.1.tgz"
    integrity sha512-qiLX/xhEEFKUAJ6FiBMbes3w9ATzyk5W7Hvzpa/SLYdxNtng+gcurvrI7TbACjIXlsJyr05/S1oUhZrc63evQA==
    dependencies:
      buffer-equal-constant-time "1.0.1"
      ecdsa-sig-formatter "1.0.11"
      safe-buffer "^5.0.1"
  
  jwa@^2.0.0:
    version "2.0.0"
    resolved "https://registry.yarnpkg.com/jwa/-/jwa-2.0.0.tgz#a7e9c3f29dae94027ebcaf49975c9345593410fc"
    integrity sha512-jrZ2Qx916EA+fq9cEAeCROWPTfCwi1IVHqT2tapuqLEVVDKFDENFw1oL+MwrTvH6msKxsd1YTDVw6uKEcsrLEA==
    dependencies:
      buffer-equal-constant-time "1.0.1"
      ecdsa-sig-formatter "1.0.11"
      safe-buffer "^5.0.1"
  
  jwks-rsa@^3.1.0:
    version "3.1.0"
    resolved "https://registry.yarnpkg.com/jwks-rsa/-/jwks-rsa-3.1.0.tgz#50406f23e38c9b2682cd437f824d7d61aa983171"
    integrity sha512-v7nqlfezb9YfHHzYII3ef2a2j1XnGeSE/bK3WfumaYCqONAIstJbrEGapz4kadScZzEt7zYCN7bucj8C0Mv/Rg==
    dependencies:
      "@types/express" "^4.17.17"
      "@types/jsonwebtoken" "^9.0.2"
      debug "^4.3.4"
      jose "^4.14.6"
      limiter "^1.1.5"
      lru-memoizer "^2.2.0"
  
  jws@^3.2.2:
    version "3.2.2"
    resolved "https://registry.npmjs.org/jws/-/jws-3.2.2.tgz"
    integrity sha512-YHlZCB6lMTllWDtSPHz/ZXTsi8S00usEV6v1tjq8tOUZzw7DpSDWVXjXDre6ed1w/pd495ODpHZYSdkRTsa0HA==
    dependencies:
      jwa "^1.4.1"
      safe-buffer "^5.0.1"
  
  jws@^4.0.0:
    version "4.0.0"
    resolved "https://registry.yarnpkg.com/jws/-/jws-4.0.0.tgz#2d4e8cf6a318ffaa12615e9dec7e86e6c97310f4"
    integrity sha512-KDncfTmOZoOMTFG4mBlG0qUIOlc03fmzH+ru6RgYVZhPkyiy/92Owlt/8UEN+a4TXR1FQetfIpJE8ApdvdVxTg==
    dependencies:
      jwa "^2.0.0"
      safe-buffer "^5.0.1"
  
  kareem@2.5.1:
    version "2.5.1"
    resolved "https://registry.npmjs.org/kareem/-/kareem-2.5.1.tgz"
    integrity sha512-7jFxRVm+jD+rkq3kY0iZDJfsO2/t4BBPeEb2qKn2lR/9KhuksYk5hxzfRYWMPV8P/x2d0kHD306YyWLzjjH+uA==
  
  kind-of@^6.0.2, kind-of@^6.0.3:
    version "6.0.3"
    resolved "https://registry.npmjs.org/kind-of/-/kind-of-6.0.3.tgz"
    integrity sha512-dcS1ul+9tmeD95T+x28/ehLgd9mENa3LsvDTtzm3vyBEO7RPptvAD+t44WVXaUjTBRcrpFeFlC8WCruUR456hw==
  
  kleur@^3.0.3:
    version "3.0.3"
    resolved "https://registry.npmjs.org/kleur/-/kleur-3.0.3.tgz"
    integrity sha512-eTIzlVOSUR+JxdDFepEYcBMtZ9Qqdef+rnzWdRZuMbOywu5tO2w2N7rqjoANZ5k9vywhL6Br1VRjUIgTQx4E8w==
  
  known-css-properties@^0.28.0:
    version "0.28.0"
    resolved "https://registry.npmjs.org/known-css-properties/-/known-css-properties-0.28.0.tgz"
    integrity sha512-9pSL5XB4J+ifHP0e0jmmC98OGC1nL8/JjS+fi6mnTlIf//yt/MfVLtKg7S6nCtj/8KTcWX7nRlY0XywoYY1ISQ==
  
  leven@^3.1.0:
    version "3.1.0"
    resolved "https://registry.npmjs.org/leven/-/leven-3.1.0.tgz"
    integrity sha512-qsda+H8jTaUaN/x5vzW2rzc+8Rw4TAQ/4KjB46IwK5VH+IlVeeeje/EoZRpiXvIqjFgK84QffqPztGI3VBLG1A==
  
  levn@^0.4.1:
    version "0.4.1"
    resolved "https://registry.npmjs.org/levn/-/levn-0.4.1.tgz"
    integrity sha512-+bT2uH4E5LGE7h/n3evcS/sQlJXCpIp6ym8OWJ5eV6+67Dsql/LaaT7qJBAt2rzfoa/5QBGBhxDix1dMt2kQKQ==
    dependencies:
      prelude-ls "^1.2.1"
      type-check "~0.4.0"
  
  limiter@^1.1.5:
    version "1.1.5"
    resolved "https://registry.yarnpkg.com/limiter/-/limiter-1.1.5.tgz#8f92a25b3b16c6131293a0cc834b4a838a2aa7c2"
    integrity sha512-FWWMIEOxz3GwUI4Ts/IvgVy6LPvoMPgjMdQ185nN6psJyBJ4yOpzqm695/h5umdLJg2vW3GR5iG11MAkR2AzJA==
  
  lines-and-columns@^1.1.6:
    version "1.2.4"
    resolved "https://registry.npmjs.org/lines-and-columns/-/lines-and-columns-1.2.4.tgz"
    integrity sha512-7ylylesZQ/PV29jhEDl3Ufjo6ZX7gCqJr5F7PKrqc93v7fzSymt1BpwEU8nAUXs8qzzvqhbjhK5QZg6Mt/HkBg==
  
  locate-path@^5.0.0:
    version "5.0.0"
    resolved "https://registry.npmjs.org/locate-path/-/locate-path-5.0.0.tgz"
    integrity sha512-t7hw9pI+WvuwNJXwk5zVHpyhIqzg2qTlklJOf0mVxGSbe3Fp2VieZcduNYjaLDoy6p9uGpQEGWG87WpMKlNq8g==
    dependencies:
      p-locate "^4.1.0"
  
  locate-path@^6.0.0:
    version "6.0.0"
    resolved "https://registry.npmjs.org/locate-path/-/locate-path-6.0.0.tgz"
    integrity sha512-iPZK6eYjbxRu3uB4/WZ3EsEIMJFMqAoopl3R+zuq0UjcAm/MO6KCweDgPfP3elTztoKP3KtnVHxTn2NHBSDVUw==
    dependencies:
      p-locate "^5.0.0"
  
  lodash.camelcase@^4.3.0:
    version "4.3.0"
    resolved "https://registry.npmjs.org/lodash.camelcase/-/lodash.camelcase-4.3.0.tgz"
    integrity sha512-TwuEnCnxbc3rAvhf/LbG7tJUDzhqXyFnv3dtzLOPgCG/hODL7WFnsbwktkD7yUV0RrreP/l1PALq/YSg6VvjlA==
  
  lodash.clonedeep@^4.5.0:
    version "4.5.0"
    resolved "https://registry.yarnpkg.com/lodash.clonedeep/-/lodash.clonedeep-4.5.0.tgz#e23f3f9c4f8fbdde872529c1071857a086e5ccef"
    integrity sha512-H5ZhCF25riFd9uB5UCkVKo61m3S/xZk1x4wA6yp/L3RFP6Z/eHH1ymQcGLo7J3GMPfm0V/7m1tryHuGVxpqEBQ==
  
  lodash.deburr@^4.1.0:
    version "4.1.0"
    resolved "https://registry.npmjs.org/lodash.deburr/-/lodash.deburr-4.1.0.tgz"
    integrity sha512-m/M1U1f3ddMCs6Hq2tAsYThTBDaAKFDX3dwDo97GEYzamXi9SqUpjWi/Rrj/gf3X2n8ktwgZrlP1z6E3v/IExQ==
  
  lodash.includes@^4.3.0:
    version "4.3.0"
    resolved "https://registry.npmjs.org/lodash.includes/-/lodash.includes-4.3.0.tgz"
    integrity sha512-W3Bx6mdkRTGtlJISOvVD/lbqjTlPPUDTMnlXZFnVwi9NKJ6tiAk6LVdlhZMm17VZisqhKcgzpO5Wz91PCt5b0w==
  
  lodash.isboolean@^3.0.3:
    version "3.0.3"
    resolved "https://registry.npmjs.org/lodash.isboolean/-/lodash.isboolean-3.0.3.tgz"
    integrity sha512-Bz5mupy2SVbPHURB98VAcw+aHh4vRV5IPNhILUCsOzRmsTmSQ17jIuqopAentWoehktxGd9e/hbIXq980/1QJg==
  
  lodash.isinteger@^4.0.4:
    version "4.0.4"
    resolved "https://registry.npmjs.org/lodash.isinteger/-/lodash.isinteger-4.0.4.tgz"
    integrity sha512-DBwtEWN2caHQ9/imiNeEA5ys1JoRtRfY3d7V9wkqtbycnAmTvRRmbHKDV4a0EYc678/dia0jrte4tjYwVBaZUA==
  
  lodash.isnumber@^3.0.3:
    version "3.0.3"
    resolved "https://registry.npmjs.org/lodash.isnumber/-/lodash.isnumber-3.0.3.tgz"
    integrity sha512-QYqzpfwO3/CWf3XP+Z+tkQsfaLL/EnUlXWVkIk5FUPc4sBdTehEqZONuyRt2P67PXAk+NXmTBcc97zw9t1FQrw==
  
  lodash.isplainobject@^4.0.6:
    version "4.0.6"
    resolved "https://registry.npmjs.org/lodash.isplainobject/-/lodash.isplainobject-4.0.6.tgz"
    integrity sha512-oSXzaWypCMHkPC3NvBEaPHf0KsA5mvPrOPgQWDsbg8n7orZ290M0BmC/jgRZ4vcJ6DTAhjrsSYgdsW/F+MFOBA==
  
  lodash.isstring@^4.0.1:
    version "4.0.1"
    resolved "https://registry.npmjs.org/lodash.isstring/-/lodash.isstring-4.0.1.tgz"
    integrity sha512-0wJxfxH1wgO3GrbuP+dTTk7op+6L41QCXbGINEmD+ny/G/eCqGzxyCsh7159S+mgDDcoarnBw6PC1PS5+wUGgw==
  
  lodash.merge@^4.6.2:
    version "4.6.2"
    resolved "https://registry.npmjs.org/lodash.merge/-/lodash.merge-4.6.2.tgz"
    integrity sha512-0KpjqXRVvrYyCsX1swR/XTK0va6VQkQM6MNo7PqW77ByjAhoARA8EfrP1N4+KlKj8YS0ZUCtRT/YUuhyYDujIQ==
  
  lodash.once@^4.0.0:
    version "4.1.1"
    resolved "https://registry.npmjs.org/lodash.once/-/lodash.once-4.1.1.tgz"
    integrity sha512-Sb487aTOCr9drQVL8pIxOzVhafOjZN9UU54hiN8PU3uAiSV7lx1yYNpbNmex2PK6dSJoNTSJUUswT651yww3Mg==
  
  lodash.setwith@^4.3.2:
    version "4.3.2"
    resolved "https://registry.npmjs.org/lodash.setwith/-/lodash.setwith-4.3.2.tgz"
    integrity sha512-Cv2pndcuNDaqDMJ0gbLm5qNG5jyfsL6f8+f5PfZVVNhQCv+y+P5gAKkCdZbtiQlux7nsnWF7UmZd8JEFIo/4tg==
  
  lodash.startcase@^4.4.0:
    version "4.4.0"
    resolved "https://registry.npmjs.org/lodash.startcase/-/lodash.startcase-4.4.0.tgz"
    integrity sha512-+WKqsK294HMSc2jEbNgpHpd0JfIBhp7rEV4aqXWqFr6AlXov+SlcgB1Fv01y2kGe3Gc8nMW7VA0SrGuSkRfIEg==
  
  lodash.truncate@^4.4.2:
    version "4.4.2"
    resolved "https://registry.npmjs.org/lodash.truncate/-/lodash.truncate-4.4.2.tgz"
    integrity sha512-jttmRe7bRse52OsWIMDLaXxWqRAmtIUccAQ3garviCqJjafXOfNMO0yMfNpdD6zbGaTU0P5Nz7e7gAT6cKmJRw==
  
  lodash@^4.17.20, lodash@^4.17.4:
    version "4.17.21"
    resolved "https://registry.npmjs.org/lodash/-/lodash-4.17.21.tgz"
    integrity sha512-v2kDEe57lecTulaDIuNTPy3Ry4gLGJ6Z1O3vE1krgXZNrsQ+LFTGHVxVjcXPs17LhbZVGedAJv8XZ1tvj5FvSg==
  
  log-symbols@^4.1.0:
    version "4.1.0"
    resolved "https://registry.npmjs.org/log-symbols/-/log-symbols-4.1.0.tgz"
    integrity sha512-8XPvpAA8uyhfteu8pIvQxpJZ7SYYdpUivZpGy6sFsBuKRY/7rQGavedeB8aK+Zkyq6upMFVL/9AW6vOYzfRyLg==
    dependencies:
      chalk "^4.1.0"
      is-unicode-supported "^0.1.0"
  
  long@^5.0.0, long@^5.2.3:
    version "5.2.3"
    resolved "https://registry.yarnpkg.com/long/-/long-5.2.3.tgz#a3ba97f3877cf1d778eccbcb048525ebb77499e1"
    integrity sha512-lcHwpNoggQTObv5apGNCTdJrO69eHOZMi4BNC+rTLER8iHAqGrUVeLh/irVIM7zTw2bOXA8T6uNPeujwOLg/2Q==
  
  lru-cache@6.0.0, lru-cache@^6.0.0:
    version "6.0.0"
    resolved "https://registry.npmjs.org/lru-cache/-/lru-cache-6.0.0.tgz"
    integrity sha512-Jo6dJ04CmSjuznwJSS3pUeWmd/H0ffTlkXXgwZi+eq1UCmqQwCh+eLsYOYCwY991i2Fah4h1BEMCx4qThGbsiA==
    dependencies:
      yallist "^4.0.0"
  
  lru-cache@^5.1.1:
    version "5.1.1"
    resolved "https://registry.npmjs.org/lru-cache/-/lru-cache-5.1.1.tgz"
    integrity sha512-KpNARQA3Iwv+jTA0utUVVbrh+Jlrr1Fv0e56GGzAFOXN7dk/FviaDW8LHmK52DlcH4WP2n6gI8vN1aesBFgo9w==
    dependencies:
      yallist "^3.0.2"
  
  lru-memoizer@^2.2.0:
    version "2.3.0"
    resolved "https://registry.yarnpkg.com/lru-memoizer/-/lru-memoizer-2.3.0.tgz#ef0fbc021bceb666794b145eefac6be49dc47f31"
    integrity sha512-GXn7gyHAMhO13WSKrIiNfztwxodVsP8IoZ3XfrJV4yH2x0/OeTO/FIaAHTY5YekdGgW94njfuKmyyt1E0mR6Ug==
    dependencies:
      lodash.clonedeep "^4.5.0"
      lru-cache "6.0.0"
  
  lru-queue@^0.1.0:
    version "0.1.0"
    resolved "https://registry.npmjs.org/lru-queue/-/lru-queue-0.1.0.tgz"
    integrity sha512-BpdYkt9EvGl8OfWHDQPISVpcl5xZthb+XPsbELj5AQXxIC8IriDZIQYjBJPEm5rS420sjZ0TLEzRcq5KdBhYrQ==
    dependencies:
      es5-ext "~0.10.2"
  
  make-dir@^2.1.0:
    version "2.1.0"
    resolved "https://registry.npmjs.org/make-dir/-/make-dir-2.1.0.tgz"
    integrity sha512-LS9X+dc8KLxXCb8dni79fLIIUA5VyZoyjSMCwTluaXA0o27cCK0bhXkpgw+sTXVpPy/lSO57ilRixqk0vDmtRA==
    dependencies:
      pify "^4.0.1"
      semver "^5.6.0"
  
  make-dir@^3.0.2, make-dir@^3.1.0:
    version "3.1.0"
    resolved "https://registry.npmjs.org/make-dir/-/make-dir-3.1.0.tgz"
    integrity sha512-g3FeP20LNwhALb/6Cz6Dd4F2ngze0jz7tbzrD2wAV+o9FeNHe4rL+yK2md0J/fiSf1sa1ADhXqi5+oVwOM/eGw==
    dependencies:
      semver "^6.0.0"
  
  map-obj@^1.0.0:
    version "1.0.1"
    resolved "https://registry.npmjs.org/map-obj/-/map-obj-1.0.1.tgz"
    integrity sha512-7N/q3lyZ+LVCp7PzuxrJr4KMbBE2hW7BT7YNia330OFxIf4d3r5zVpicP2650l7CPN6RM9zOJRl3NGpqSiw3Eg==
  
  map-obj@^4.1.0:
    version "4.3.0"
    resolved "https://registry.npmjs.org/map-obj/-/map-obj-4.3.0.tgz"
    integrity sha512-hdN1wVrZbb29eBGiGjJbeP8JbKjq1urkHJ/LIP/NY48MZ1QVXUsQBV1G1zvYFHn1XE06cwjBsOI2K3Ulnj1YXQ==
  
  marked@^4.3.0:
    version "4.3.0"
    resolved "https://registry.npmjs.org/marked/-/marked-4.3.0.tgz"
    integrity sha512-PRsaiG84bK+AMvxziE/lCFss8juXjNaWzVbN5tXAm4XjeaS9NAHhop+PjQxz2A9h8Q4M/xGmzP8vqNwy6JeK0A==
  
  mathml-tag-names@^2.1.3:
    version "2.1.3"
    resolved "https://registry.npmjs.org/mathml-tag-names/-/mathml-tag-names-2.1.3.tgz"
    integrity sha512-APMBEanjybaPzUrfqU0IMU5I0AswKMH7k8OTLs0vvV4KZpExkTkY87nR/zpbuTPj+gARop7aGUbl11pnDfW6xg==
  
  mdn-data@2.0.30:
    version "2.0.30"
    resolved "https://registry.npmjs.org/mdn-data/-/mdn-data-2.0.30.tgz"
    integrity sha512-GaqWWShW4kv/G9IEucWScBx9G1/vsFZZJUO+tD26M8J8z3Kw5RDQjaoZe03YAClgeS/SWPOcb4nkFBTEi5DUEA==
  
  media-typer@0.3.0:
    version "0.3.0"
    resolved "https://registry.npmjs.org/media-typer/-/media-typer-0.3.0.tgz"
    integrity sha512-dq+qelQ9akHpcOl/gUVRTxVIOkAJ1wR3QAvb4RsVjS8oVoFjDGTc679wJYmUmknUF5HwMLOgb5O+a3KxfWapPQ==
  
  memoizee@^0.4.14:
    version "0.4.15"
    resolved "https://registry.npmjs.org/memoizee/-/memoizee-0.4.15.tgz"
    integrity sha512-UBWmJpLZd5STPm7PMUlOw/TSy972M+z8gcyQ5veOnSDRREz/0bmpyTfKt3/51DhEBqCZQn1udM/5flcSPYhkdQ==
    dependencies:
      d "^1.0.1"
      es5-ext "^0.10.53"
      es6-weak-map "^2.0.3"
      event-emitter "^0.3.5"
      is-promise "^2.2.2"
      lru-queue "^0.1.0"
      next-tick "^1.1.0"
      timers-ext "^0.1.7"
  
  memory-pager@^1.0.2:
    version "1.5.0"
    resolved "https://registry.npmjs.org/memory-pager/-/memory-pager-1.5.0.tgz"
    integrity sha512-ZS4Bp4r/Zoeq6+NLJpP+0Zzm0pR8whtGPf1XExKLJBAczGMnSi3It14OiNCStjQjM6NU1okjQGSxgEZN8eBYKg==
  
  meow@^10.1.5:
    version "10.1.5"
    resolved "https://registry.npmjs.org/meow/-/meow-10.1.5.tgz"
    integrity sha512-/d+PQ4GKmGvM9Bee/DPa8z3mXs/pkvJE2KEThngVNOqtmljC6K7NMPxtc2JeZYTmpWb9k/TmxjeL18ez3h7vCw==
    dependencies:
      "@types/minimist" "^1.2.2"
      camelcase-keys "^7.0.0"
      decamelize "^5.0.0"
      decamelize-keys "^1.1.0"
      hard-rejection "^2.1.0"
      minimist-options "4.1.0"
      normalize-package-data "^3.0.2"
      read-pkg-up "^8.0.0"
      redent "^4.0.0"
      trim-newlines "^4.0.2"
      type-fest "^1.2.2"
      yargs-parser "^20.2.9"
  
  merge-descriptors@1.0.1:
    version "1.0.1"
    resolved "https://registry.npmjs.org/merge-descriptors/-/merge-descriptors-1.0.1.tgz"
    integrity sha512-cCi6g3/Zr1iqQi6ySbseM1Xvooa98N0w31jzUYrXPX2xqObmFGHJ0tQ5u74H3mVh7wLouTseZyYIq39g8cNp1w==
  
  merge-stream@^2.0.0:
    version "2.0.0"
    resolved "https://registry.npmjs.org/merge-stream/-/merge-stream-2.0.0.tgz"
    integrity sha512-abv/qOcuPfk3URPfDzmZU1LKmuw8kT+0nIHvKrKgFrwifol/doWcdA4ZqsWQ8ENrFKkd67Mfpo/LovbIUsbt3w==
  
  merge2@^1.3.0, merge2@^1.4.1:
    version "1.4.1"
    resolved "https://registry.npmjs.org/merge2/-/merge2-1.4.1.tgz"
    integrity sha512-8q7VEgMJW4J8tcfVPy8g09NcQwZdbwFEqhe/WZkoIzjn/3TGDwtOCYtXGxA3O8tPzpczCCDgv+P2P5y00ZJOOg==
  
  methods@~1.1.2:
    version "1.1.2"
    resolved "https://registry.npmjs.org/methods/-/methods-1.1.2.tgz"
    integrity sha512-iclAHeNqNm68zFtnZ0e+1L2yUIdvzNoauKU4WBA3VvH/vPFieF7qfRlwUZU+DA9P9bPXIS90ulxoUoCH23sV2w==
  
  micromatch@^4.0.4, micromatch@^4.0.5:
    version "4.0.5"
    resolved "https://registry.npmjs.org/micromatch/-/micromatch-4.0.5.tgz"
    integrity sha512-DMy+ERcEW2q8Z2Po+WNXuw3c5YaUSFjAO5GsJqfEl7UjvtIuFKO6ZrKvcItdy98dwFI2N1tg3zNIdKaQT+aNdA==
    dependencies:
      braces "^3.0.2"
      picomatch "^2.3.1"
  
  mime-db@1.52.0:
    version "1.52.0"
    resolved "https://registry.npmjs.org/mime-db/-/mime-db-1.52.0.tgz"
    integrity sha512-sPU4uV7dYlvtWJxwwxHD0PuihVNiE7TyAbQ5SWxDCB9mUYvOgroQOwYQQOKPJ8CIbE+1ETVlOoK1UC2nU3gYvg==
  
  mime-types@^2.1.12, mime-types@~2.1.24, mime-types@~2.1.34:
    version "2.1.35"
    resolved "https://registry.npmjs.org/mime-types/-/mime-types-2.1.35.tgz"
    integrity sha512-ZDY+bPm5zTTF+YpCrAU9nK0UgICYPT0QtT1NZWFv4s++TNkcgVaT0g6+4R2uI4MjQjzysHB1zxuWL50hzaeXiw==
    dependencies:
      mime-db "1.52.0"
  
  mime@1.6.0:
    version "1.6.0"
    resolved "https://registry.npmjs.org/mime/-/mime-1.6.0.tgz"
    integrity sha512-x0Vn8spI+wuJ1O6S7gnbaQg8Pxh4NNHb7KSINmEWKiPE4RKOplvijn+NkmYmmRgP68mc70j2EbeTFRsrswaQeg==
  
  mime@^3.0.0:
    version "3.0.0"
    resolved "https://registry.yarnpkg.com/mime/-/mime-3.0.0.tgz#b374550dca3a0c18443b0c950a6a58f1931cf7a7"
    integrity sha512-jSCU7/VB1loIWBZe14aEYHU/+1UMEHoaO7qxCOVJOw9GgH72VAWppxNcjU+x9a2k3GSIBXNKxXQFqRvvZ7vr3A==
  
  mimer@^2.0.2:
    version "2.0.2"
    resolved "https://registry.npmjs.org/mimer/-/mimer-2.0.2.tgz"
    integrity sha512-izxvjsB7Ur5HrTbPu6VKTrzxSMBFBqyZQc6dWlZNQ4/wAvf886fD4lrjtFd8IQ8/WmZKdxKjUtqFFNaj3hQ52g==
  
  mimic-fn@^2.1.0:
    version "2.1.0"
    resolved "https://registry.npmjs.org/mimic-fn/-/mimic-fn-2.1.0.tgz"
    integrity sha512-OqbOk5oEQeAZ8WXWydlu9HJjz9WVdEIvamMCcXmuqUYjTknH/sqsWvhQ3vgwKFRR1HpjvNBKQ37nbJgYzGqGcg==
  
  mimic-response@^3.1.0:
    version "3.1.0"
    resolved "https://registry.yarnpkg.com/mimic-response/-/mimic-response-3.1.0.tgz#2d1d59af9c1b129815accc2c46a022a5ce1fa3c9"
    integrity sha512-z0yWI+4FDrrweS8Zmt4Ej5HdJmky15+L2e6Wgn3+iK5fWzb6T3fhNFq2+MeTRb064c6Wr4N/wv0DzQTjNzHNGQ==
  
  min-indent@^1.0.1:
    version "1.0.1"
    resolved "https://registry.npmjs.org/min-indent/-/min-indent-1.0.1.tgz"
    integrity sha512-I9jwMn07Sy/IwOj3zVkVik2JTvgpaykDZEigL6Rx6N9LbMywwUSMtxET+7lVoDLLd3O3IXwJwvuuns8UB/HeAg==
  
  minimatch@^3.0.4, minimatch@^3.0.5, minimatch@^3.1.1, minimatch@^3.1.2:
    version "3.1.2"
    resolved "https://registry.npmjs.org/minimatch/-/minimatch-3.1.2.tgz"
    integrity sha512-J7p63hRiAjw1NDEww1W7i37+ByIrOWO5XQQAzZ3VOcL0PNybwpfmV/N05zFAzwQ9USyEcX6t3UO+K5aqBQOIHw==
    dependencies:
      brace-expansion "^1.1.7"
  
  minimatch@^5.1.0:
    version "5.1.6"
    resolved "https://registry.npmjs.org/minimatch/-/minimatch-5.1.6.tgz"
    integrity sha512-lKwV/1brpG6mBUFHtb7NUmtABCb2WZZmm2wNiOA5hAb8VdCS4B3dtMWyvcoViccwAW/COERjXLt0zP1zXUN26g==
    dependencies:
      brace-expansion "^2.0.1"
  
  minimist-options@4.1.0:
    version "4.1.0"
    resolved "https://registry.npmjs.org/minimist-options/-/minimist-options-4.1.0.tgz"
    integrity sha512-Q4r8ghd80yhO/0j1O3B2BjweX3fiHg9cdOwjJd2J76Q135c+NDxGCqdYKQ1SKBuFfgWbAUzBfvYjPUEeNgqN1A==
    dependencies:
      arrify "^1.0.1"
      is-plain-obj "^1.1.0"
      kind-of "^6.0.3"
  
  minimist@^1.2.0, minimist@^1.2.3, minimist@^1.2.6:
    version "1.2.8"
    resolved "https://registry.npmjs.org/minimist/-/minimist-1.2.8.tgz"
    integrity sha512-2yyAR8qBkN3YuheJanUpWC5U3bb5osDywNB8RzDVlDwDHbocAJveqqj1u8+SVD7jkWT4yvsHCpWqqWqAxb0zCA==
  
  minipass@^7.0.3:
    version "7.0.4"
    resolved "https://registry.npmjs.org/minipass/-/minipass-7.0.4.tgz"
    integrity sha512-jYofLM5Dam9279rdkWzqHozUo4ybjdZmCsDHePy5V/PbBcVMiSZR97gmAy45aqi8CK1lG2ECd356FU86avfwUQ==
  
  mkdirp-classic@^0.5.2, mkdirp-classic@^0.5.3:
    version "0.5.3"
    resolved "https://registry.yarnpkg.com/mkdirp-classic/-/mkdirp-classic-0.5.3.tgz#fa10c9115cc6d8865be221ba47ee9bed78601113"
    integrity sha512-gKLcREMhtuZRwRAfqP3RFW+TK4JqApVBtOIftVgjuABpAtpxhPGaDcfvbhNvD0B8iD1oUr/txX35NjcaY6Ns/A==
  
  mkdirp@^0.5.4:
    version "0.5.6"
    resolved "https://registry.npmjs.org/mkdirp/-/mkdirp-0.5.6.tgz"
    integrity sha512-FP+p8RB8OWpF3YZBCrP5gtADmtXApB5AMLn+vdyA+PyxCjrCs00mjyUozssO33cwDeT3wNGdLxJ5M//YqtHAJw==
    dependencies:
      minimist "^1.2.6"
  
  mkdirp@^1.0.4:
    version "1.0.4"
    resolved "https://registry.npmjs.org/mkdirp/-/mkdirp-1.0.4.tgz"
    integrity sha512-vVqVZQyf3WLx2Shd0qJ9xuvqgAyKPLAiqITEtqW0oIUjzo3PePDd6fW9iFz30ef7Ysp/oiWqbhszeGWW2T6Gzw==
  
  mongodb-connection-string-url@^2.6.0:
    version "2.6.0"
    resolved "https://registry.npmjs.org/mongodb-connection-string-url/-/mongodb-connection-string-url-2.6.0.tgz"
    integrity sha512-WvTZlI9ab0QYtTYnuMLgobULWhokRjtC7db9LtcVfJ+Hsnyr5eo6ZtNAt3Ly24XZScGMelOcGtm7lSn0332tPQ==
    dependencies:
      "@types/whatwg-url" "^8.2.1"
      whatwg-url "^11.0.0"
  
  mongodb@5.8.1:
    version "5.8.1"
    resolved "https://registry.npmjs.org/mongodb/-/mongodb-5.8.1.tgz"
    integrity sha512-wKyh4kZvm6NrCPH8AxyzXm3JBoEf4Xulo0aUWh3hCgwgYJxyQ1KLST86ZZaSWdj6/kxYUA3+YZuyADCE61CMSg==
    dependencies:
      bson "^5.4.0"
      mongodb-connection-string-url "^2.6.0"
      socks "^2.7.1"
    optionalDependencies:
      "@mongodb-js/saslprep" "^1.1.0"
  
  mongodb@^6.1.0:
    version "6.1.0"
    resolved "https://registry.npmjs.org/mongodb/-/mongodb-6.1.0.tgz"
    integrity sha512-AvzNY0zMkpothZ5mJAaIo2bGDjlJQqqAbn9fvtVgwIIUPEfdrqGxqNjjbuKyrgQxg2EvCmfWdjq+4uj96c0YPw==
    dependencies:
      "@mongodb-js/saslprep" "^1.1.0"
      bson "^6.1.0"
      mongodb-connection-string-url "^2.6.0"
  
  mongoose@^7.5.2:
    version "7.5.2"
    resolved "https://registry.npmjs.org/mongoose/-/mongoose-7.5.2.tgz"
    integrity sha512-yEkmI1jfiog7QUvMWz3eB/XoA3/5DrVvSz+z3V5hnq8VtZIHC7ujEV0RKzRXwr8QNMOs+OTB7+aK7R/N/V3yXA==
    dependencies:
      bson "^5.4.0"
      kareem "2.5.1"
      mongodb "5.8.1"
      mpath "0.9.0"
      mquery "5.0.0"
      ms "2.1.3"
      sift "16.0.1"
  
  morgan@^1.10.0:
    version "1.10.0"
    resolved "https://registry.npmjs.org/morgan/-/morgan-1.10.0.tgz"
    integrity sha512-AbegBVI4sh6El+1gNwvD5YIck7nSA36weD7xvIxG4in80j/UoK8AEGaWnnz8v1GxonMCltmlNs5ZKbGvl9b1XQ==
    dependencies:
      basic-auth "~2.0.1"
      debug "2.6.9"
      depd "~2.0.0"
      on-finished "~2.3.0"
      on-headers "~1.0.2"
  
  mpath@0.9.0:
    version "0.9.0"
    resolved "https://registry.npmjs.org/mpath/-/mpath-0.9.0.tgz"
    integrity sha512-ikJRQTk8hw5DEoFVxHG1Gn9T/xcjtdnOKIU1JTmGjZZlg9LST2mBLmcX3/ICIbgJydT2GOc15RnNy5mHmzfSew==
  
  mquery@5.0.0:
    version "5.0.0"
    resolved "https://registry.npmjs.org/mquery/-/mquery-5.0.0.tgz"
    integrity sha512-iQMncpmEK8R8ncT8HJGsGc9Dsp8xcgYMVSbs5jgnm1lFHTZqMJTUWTDx1LBO8+mK3tPNZWFLBghQEIOULSTHZg==
    dependencies:
      debug "4.x"
  
  ms@2.0.0:
    version "2.0.0"
    resolved "https://registry.npmjs.org/ms/-/ms-2.0.0.tgz"
    integrity sha512-Tpp60P6IUJDTuOq/5Z8cdskzJujfwqfOTkrwIwj7IRISpnkJnT6SyJ4PCPnGMoFjC9ddhal5KVIYtAt97ix05A==
  
  ms@2.1.2:
    version "2.1.2"
    resolved "https://registry.npmjs.org/ms/-/ms-2.1.2.tgz"
    integrity sha512-sGkPx+VjMtmA6MX27oA4FBFELFCZZ4S4XqeGOXCv68tT+jb3vk/RyaKWP0PTKyWtmLSM0b+adUTEvbs1PEaH2w==
  
  ms@2.1.3, ms@^2.1.1:
    version "2.1.3"
    resolved "https://registry.npmjs.org/ms/-/ms-2.1.3.tgz"
    integrity sha512-6FlzubTLZG3J2a/NVCAleEhjzq5oxgHyaCU9yYXvcLsvoVaHJq/s5xXI6/XXP6tz7R9xAOtHnSO/tXtF3WRTlA==
  
  multer@^1.4.5-lts.1:
    version "1.4.5-lts.1"
    resolved "https://registry.npmjs.org/multer/-/multer-1.4.5-lts.1.tgz"
    integrity sha512-ywPWvcDMeH+z9gQq5qYHCCy+ethsk4goepZ45GLD63fOu0YcNecQxi64nDs3qluZB+murG3/D4dJ7+dGctcCQQ==
    dependencies:
      append-field "^1.0.0"
      busboy "^1.0.0"
      concat-stream "^1.5.2"
      mkdirp "^0.5.4"
      object-assign "^4.1.1"
      type-is "^1.6.4"
      xtend "^4.0.0"
  
  mustache@^4.2.0:
    version "4.2.0"
    resolved "https://registry.npmjs.org/mustache/-/mustache-4.2.0.tgz"
    integrity sha512-71ippSywq5Yb7/tVYyGbkBggbU8H3u5Rz56fH60jGFgr8uHwxs+aSKeqmluIVzM0m0kB7xQjKS6qPfd0b2ZoqQ==
  
  mz@^2.7.0:
    version "2.7.0"
    resolved "https://registry.npmjs.org/mz/-/mz-2.7.0.tgz"
    integrity sha512-z81GNO7nnYMEhrGh9LeymoE4+Yr0Wn5McHIZMK5cfQCl+NDX08sCZgUc9/6MHni9IWuFLm1Z3HTCXu2z9fN62Q==
    dependencies:
      any-promise "^1.0.0"
      object-assign "^4.0.1"
      thenify-all "^1.0.0"
  
  nanoid@^3.3.6:
    version "3.3.6"
    resolved "https://registry.npmjs.org/nanoid/-/nanoid-3.3.6.tgz"
    integrity sha512-BGcqMMJuToF7i1rt+2PWSNVnWIkGCU78jBG3RxO/bZlnZPK2Cmi2QaffxGO/2RvWi9sL+FAiRiXMgsyxQ1DIDA==
  
  napi-build-utils@^1.0.1:
    version "1.0.2"
    resolved "https://registry.yarnpkg.com/napi-build-utils/-/napi-build-utils-1.0.2.tgz#b1fddc0b2c46e380a0b7a76f984dd47c41a13806"
    integrity sha512-ONmRUqK7zj7DWX0D9ADe03wbwOBZxNAfF20PlGfCWQcD3+/MakShIHrMqx9YwPTfxDdF1zLeL+RGZiR9kGMLdg==
  
  natural-compare@^1.4.0:
    version "1.4.0"
    resolved "https://registry.npmjs.org/natural-compare/-/natural-compare-1.4.0.tgz"
    integrity sha512-OWND8ei3VtNC9h7V60qff3SVobHr996CTwgxubgyQYEpg290h9J0buyECNNJexkFm5sOajh5G116RYA1c8ZMSw==
  
  negotiator@0.6.3:
    version "0.6.3"
    resolved "https://registry.npmjs.org/negotiator/-/negotiator-0.6.3.tgz"
    integrity sha512-+EUsqGPLsM+j/zdChZjsnX51g4XrHFOIXwfnCVPGlQk/k5giakcKsuxCObBRu6DSm9opw/O6slWbJdghQM4bBg==
  
  next-tick@1, next-tick@^1.1.0:
    version "1.1.0"
    resolved "https://registry.npmjs.org/next-tick/-/next-tick-1.1.0.tgz"
    integrity sha512-CXdUiJembsNjuToQvxayPZF9Vqht7hewsvy2sOWafLvi2awflj9mOC6bHIg50orX8IJvWKY9wYQ/zB2kogPslQ==
  
  node-abi@^3.3.0:
    version "3.62.0"
    resolved "https://registry.yarnpkg.com/node-abi/-/node-abi-3.62.0.tgz#017958ed120f89a3a14a7253da810f5d724e3f36"
    integrity sha512-CPMcGa+y33xuL1E0TcNIu4YyaZCxnnvkVaEXrsosR3FxN+fV8xvb7Mzpb7IgKler10qeMkE6+Dp8qJhpzdq35g==
    dependencies:
      semver "^7.3.5"
  
  node-abort-controller@^3.1.1:
    version "3.1.1"
    resolved "https://registry.npmjs.org/node-abort-controller/-/node-abort-controller-3.1.1.tgz"
    integrity sha512-AGK2yQKIjRuqnc6VkX2Xj5d+QW8xZ87pa1UK6yA6ouUyuxfHuMP6umE5QK7UmTeOAymo+Zx1Fxiuw9rVx8taHQ==
  
  node-addon-api@^5.1.0:
    version "5.1.0"
    resolved "https://registry.yarnpkg.com/node-addon-api/-/node-addon-api-5.1.0.tgz#49da1ca055e109a23d537e9de43c09cca21eb762"
    integrity sha512-eh0GgfEkpnoWDq+VY8OyvYhFEzBk6jIYbRKdIlyTiAXIVJ8PyBaKb0rp7oDtoddbdoHWhq8wwr+XZ81F1rpNdA==
  
  node-bin-setup@^1.0.0:
    version "1.1.3"
    resolved "https://registry.npmjs.org/node-bin-setup/-/node-bin-setup-1.1.3.tgz"
    integrity sha512-opgw9iSCAzT2+6wJOETCpeRYAQxSopqQ2z+N6BXwIMsQQ7Zj5M8MaafQY8JMlolRR6R1UXg2WmhKp0p9lSOivg==
  
  node-domexception@1.0.0:
    version "1.0.0"
    resolved "https://registry.npmjs.org/node-domexception/-/node-domexception-1.0.0.tgz"
    integrity sha512-/jKZoMpw0F8GRwl4/eLROPA3cfcXtLApP0QzLmUT/HuPCZWyB7IY9ZrMeKw2O/nFIqPQB3PVM9aYm0F312AXDQ==
  
  node-fetch-h2@^2.3.0:
    version "2.3.0"
    resolved "https://registry.npmjs.org/node-fetch-h2/-/node-fetch-h2-2.3.0.tgz"
    integrity sha512-ofRW94Ab0T4AOh5Fk8t0h8OBWrmjb0SSB20xh1H8YnPV9EJ+f5AMoYSUQ2zgJ4Iq2HAK0I2l5/Nequ8YzFS3Hg==
    dependencies:
      http2-client "^1.2.5"
  
  node-fetch@2, node-fetch@^2.6.1, node-fetch@^2.6.9:
    version "2.7.0"
    resolved "https://registry.npmjs.org/node-fetch/-/node-fetch-2.7.0.tgz"
    integrity sha512-c4FRfUm/dbcWZ7U+1Wq0AwCyFL+3nt2bEw05wfxSz+DWpWsitgmSgYmy2dQdWyKC1694ELPqMs/YzUSNozLt8A==
    dependencies:
      whatwg-url "^5.0.0"
  
  node-forge@^1.3.1:
    version "1.3.1"
    resolved "https://registry.yarnpkg.com/node-forge/-/node-forge-1.3.1.tgz#be8da2af243b2417d5f646a770663a92b7e9ded3"
    integrity sha512-dPEtOeMvF9VMcYV/1Wb8CPoVAXtp6MKMlcbAt4ddqmGqUJ6fQZFXkNZNkNlfevtNkGtaSoXf/vNNNSvgrdXwtA==
  
  node-readfiles@^0.2.0:
    version "0.2.0"
    resolved "https://registry.npmjs.org/node-readfiles/-/node-readfiles-0.2.0.tgz"
    integrity sha512-SU00ZarexNlE4Rjdm83vglt5Y9yiQ+XI1XpflWlb7q7UTN1JUItm69xMeiQCTxtTfnzt+83T8Cx+vI2ED++VDA==
    dependencies:
      es6-promise "^3.2.1"
  
  node-releases@^2.0.12:
    version "2.0.13"
    resolved "https://registry.npmjs.org/node-releases/-/node-releases-2.0.13.tgz"
    integrity sha512-uYr7J37ae/ORWdZeQ1xxMJe3NtdmqMC/JZK+geofDrkLUApKRHPd18/TxtBOJ4A0/+uUIliorNrfYV6s1b02eQ==
  
  node@^20.6.0:
    version "20.6.0"
    resolved "https://registry.npmjs.org/node/-/node-20.6.0.tgz"
    integrity sha512-aoXMnA7DfNRwlmR3u++rYM9M4tnzmXYezVSrK/8vBsrwLF1TVcyjYO0RzX2unJxXfKWIl9Kfo0WLoMs3atWOqQ==
    dependencies:
      node-bin-setup "^1.0.0"
  
  nodemon@^3.0.1:
    version "3.0.1"
    resolved "https://registry.npmjs.org/nodemon/-/nodemon-3.0.1.tgz"
    integrity sha512-g9AZ7HmkhQkqXkRc20w+ZfQ73cHLbE8hnPbtaFbFtCumZsjyMhKk9LajQ07U5Ux28lvFjZ5X7HvWR1xzU8jHVw==
    dependencies:
      chokidar "^3.5.2"
      debug "^3.2.7"
      ignore-by-default "^1.0.1"
      minimatch "^3.1.2"
      pstree.remy "^1.1.8"
      semver "^7.5.3"
      simple-update-notifier "^2.0.0"
      supports-color "^5.5.0"
      touch "^3.1.0"
      undefsafe "^2.0.5"
  
  nopt@~1.0.10:
    version "1.0.10"
    resolved "https://registry.npmjs.org/nopt/-/nopt-1.0.10.tgz"
    integrity sha512-NWmpvLSqUrgrAC9HCuxEvb+PSloHpqVu+FqcO4eeF2h5qYRhA7ev6KvelyQAKtegUbC6RypJnlEOhd8vloNKYg==
    dependencies:
      abbrev "1"
  
  normalize-package-data@^3.0.2:
    version "3.0.3"
    resolved "https://registry.npmjs.org/normalize-package-data/-/normalize-package-data-3.0.3.tgz"
    integrity sha512-p2W1sgqij3zMMyRC067Dg16bfzVH+w7hyegmpIvZ4JNjqtGOVAIvLmjBx3yP7YTe9vKJgkoNOPjwQGogDoMXFA==
    dependencies:
      hosted-git-info "^4.0.1"
      is-core-module "^2.5.0"
      semver "^7.3.4"
      validate-npm-package-license "^3.0.1"
  
  normalize-path@^3.0.0, normalize-path@~3.0.0:
    version "3.0.0"
    resolved "https://registry.npmjs.org/normalize-path/-/normalize-path-3.0.0.tgz"
    integrity sha512-6eZs5Ls3WtCisHWp9S2GUy8dqkpGi4BVSz3GaqiE6ezub0512ESztXUwUB6C6IKbQkY2Pnb/mD4WYojCRwcwLA==
  
  npm-run-path@^4.0.1:
    version "4.0.1"
    resolved "https://registry.npmjs.org/npm-run-path/-/npm-run-path-4.0.1.tgz"
    integrity sha512-S48WzZW777zhNIrn7gxOlISNAqi9ZC/uQFnRdbeIHhZhCA6UqpkOT8T1G7BvfdgP4Er8gF4sUbaS0i7QvIfCWw==
    dependencies:
      path-key "^3.0.0"
  
  oas-kit-common@^1.0.8:
    version "1.0.8"
    resolved "https://registry.npmjs.org/oas-kit-common/-/oas-kit-common-1.0.8.tgz"
    integrity sha512-pJTS2+T0oGIwgjGpw7sIRU8RQMcUoKCDWFLdBqKB2BNmGpbBMH2sdqAaOXUg8OzonZHU0L7vfJu1mJFEiYDWOQ==
    dependencies:
      fast-safe-stringify "^2.0.7"
  
  oas-linter@^3.2.2:
    version "3.2.2"
    resolved "https://registry.npmjs.org/oas-linter/-/oas-linter-3.2.2.tgz"
    integrity sha512-KEGjPDVoU5K6swgo9hJVA/qYGlwfbFx+Kg2QB/kd7rzV5N8N5Mg6PlsoCMohVnQmo+pzJap/F610qTodKzecGQ==
    dependencies:
      "@exodus/schemasafe" "^1.0.0-rc.2"
      should "^13.2.1"
      yaml "^1.10.0"
  
  oas-normalize@^8.4.0:
    version "8.4.1"
    resolved "https://registry.npmjs.org/oas-normalize/-/oas-normalize-8.4.1.tgz"
    integrity sha512-cGODg+AntZteJRHBiYDWKtcO2svWGMXuFWYu2I8b4hOrNiwB3hgDs/ScX3O9mYm6RpLsUIftt6rDHGc8eYG8aA==
    dependencies:
      "@readme/openapi-parser" "^2.5.0"
      "@readme/postman-to-openapi" "^4.1.0"
      js-yaml "^4.1.0"
      node-fetch "^2.6.1"
      openapi-types "^12.1.0"
      swagger2openapi "^7.0.8"
  
  oas-resolver@^2.5.6:
    version "2.5.6"
    resolved "https://registry.npmjs.org/oas-resolver/-/oas-resolver-2.5.6.tgz"
    integrity sha512-Yx5PWQNZomfEhPPOphFbZKi9W93CocQj18NlD2Pa4GWZzdZpSJvYwoiuurRI7m3SpcChrnO08hkuQDL3FGsVFQ==
    dependencies:
      node-fetch-h2 "^2.3.0"
      oas-kit-common "^1.0.8"
      reftools "^1.1.9"
      yaml "^1.10.0"
      yargs "^17.0.1"
  
  oas-schema-walker@^1.1.5:
    version "1.1.5"
    resolved "https://registry.npmjs.org/oas-schema-walker/-/oas-schema-walker-1.1.5.tgz"
    integrity sha512-2yucenq1a9YPmeNExoUa9Qwrt9RFkjqaMAA1X+U7sbb0AqBeTIdMHky9SQQ6iN94bO5NW0W4TRYXerG+BdAvAQ==
  
  oas-validator@^5.0.8:
    version "5.0.8"
    resolved "https://registry.npmjs.org/oas-validator/-/oas-validator-5.0.8.tgz"
    integrity sha512-cu20/HE5N5HKqVygs3dt94eYJfBi0TsZvPVXDhbXQHiEityDN+RROTleefoKRKKJ9dFAF2JBkDHgvWj0sjKGmw==
    dependencies:
      call-me-maybe "^1.0.1"
      oas-kit-common "^1.0.8"
      oas-linter "^3.2.2"
      oas-resolver "^2.5.6"
      oas-schema-walker "^1.1.5"
      reftools "^1.1.9"
      should "^13.2.1"
      yaml "^1.10.0"
  
  oas@^20.4.0, oas@^20.5.0:
    version "20.10.3"
    resolved "https://registry.npmjs.org/oas/-/oas-20.10.3.tgz"
    integrity sha512-dBxDuwn2ssggPMOqEKEzT4sjCqbkol8JozuWrpwD7chcmbKbverj5vpk2kmsczeyguFkLcKUOMcqUUimf9h+IQ==
    dependencies:
      "@readme/json-schema-ref-parser" "^1.2.0"
      "@types/json-schema" "^7.0.11"
      json-schema-merge-allof "^0.8.1"
      jsonpath-plus "^7.2.0"
      jsonpointer "^5.0.0"
      memoizee "^0.4.14"
      oas-normalize "^8.4.0"
      openapi-types "^12.1.1"
      path-to-regexp "^6.2.0"
      remove-undefined-objects "^3.0.0"
  
  object-assign@^4, object-assign@^4.0.1, object-assign@^4.1.1:
    version "4.1.1"
    resolved "https://registry.npmjs.org/object-assign/-/object-assign-4.1.1.tgz"
    integrity sha512-rJgTQnkUnH1sFw8yT6VSU3zD3sWmu6sZhIseY8VX+GRu3P6F7Fu+JNDoXfklElbLJSnc3FUQHVe4cU5hj+BcUg==
  
  object-hash@^3.0.0:
    version "3.0.0"
    resolved "https://registry.yarnpkg.com/object-hash/-/object-hash-3.0.0.tgz#73f97f753e7baffc0e2cc9d6e079079744ac82e9"
    integrity sha512-RSn9F68PjH9HqtltsSnqYC1XXoWe9Bju5+213R98cNGttag9q9yAOTzdbsqvIa7aNm5WffBZFpWYr2aWrklWAw==
  
  object-inspect@^1.12.3, object-inspect@^1.9.0:
    version "1.12.3"
    resolved "https://registry.npmjs.org/object-inspect/-/object-inspect-1.12.3.tgz"
    integrity sha512-geUvdk7c+eizMNUDkRpW1wJwgfOiOeHbxBR/hLXK1aT6zmVSO0jsQcs7fj6MGw89jC/cjGfLcNOrtMYtGqm81g==
  
  object-keys@^1.1.1:
    version "1.1.1"
    resolved "https://registry.npmjs.org/object-keys/-/object-keys-1.1.1.tgz"
    integrity sha512-NuAESUOUMrlIXOfHKzD6bpPu3tYt3xvjNdRIQ+FeT0lNb4K8WR70CaDxhuNguS2XG+GjkyMwOzsN5ZktImfhLA==
  
  object.assign@^4.1.2, object.assign@^4.1.4:
    version "4.1.4"
    resolved "https://registry.npmjs.org/object.assign/-/object.assign-4.1.4.tgz"
    integrity sha512-1mxKf0e58bvyjSCtKYY4sRe9itRk3PJpquJOjeIkz885CczcI4IvJJDLPS72oowuSh+pBxUFROpX+TU++hxhZQ==
    dependencies:
      call-bind "^1.0.2"
      define-properties "^1.1.4"
      has-symbols "^1.0.3"
      object-keys "^1.1.1"
  
  object.entries@^1.1.5:
    version "1.1.6"
    resolved "https://registry.npmjs.org/object.entries/-/object.entries-1.1.6.tgz"
    integrity sha512-leTPzo4Zvg3pmbQ3rDK69Rl8GQvIqMWubrkxONG9/ojtFE2rD9fjMKfSI5BxW3osRH1m6VdzmqK8oAY9aT4x5w==
    dependencies:
      call-bind "^1.0.2"
      define-properties "^1.1.4"
      es-abstract "^1.20.4"
  
  object.fromentries@^2.0.6:
    version "2.0.7"
    resolved "https://registry.npmjs.org/object.fromentries/-/object.fromentries-2.0.7.tgz"
    integrity sha512-UPbPHML6sL8PI/mOqPwsH4G6iyXcCGzLin8KvEPenOZN5lpCNBZZQ+V62vdjB1mQHrmqGQt5/OJzemUA+KJmEA==
    dependencies:
      call-bind "^1.0.2"
      define-properties "^1.2.0"
      es-abstract "^1.22.1"
  
  object.groupby@^1.0.0:
    version "1.0.1"
    resolved "https://registry.npmjs.org/object.groupby/-/object.groupby-1.0.1.tgz"
    integrity sha512-HqaQtqLnp/8Bn4GL16cj+CUYbnpe1bh0TtEaWvybszDG4tgxCJuRpV8VGuvNaI1fAnI4lUJzDG55MXcOH4JZcQ==
    dependencies:
      call-bind "^1.0.2"
      define-properties "^1.2.0"
      es-abstract "^1.22.1"
      get-intrinsic "^1.2.1"
  
  object.values@^1.1.6:
    version "1.1.6"
    resolved "https://registry.npmjs.org/object.values/-/object.values-1.1.6.tgz"
    integrity sha512-FVVTkD1vENCsAcwNs9k6jea2uHC/X0+JcjG8YA60FN5CMaJmG95wT9jek/xX9nornqGRrBkKtzuAu2wuHpKqvw==
    dependencies:
      call-bind "^1.0.2"
      define-properties "^1.1.4"
      es-abstract "^1.20.4"
  
  on-finished@2.4.1:
    version "2.4.1"
    resolved "https://registry.npmjs.org/on-finished/-/on-finished-2.4.1.tgz"
    integrity sha512-oVlzkg3ENAhCk2zdv7IJwd/QUD4z2RxRwpkcGY8psCVcCYZNq4wYnVWALHM+brtuJjePWiYF/ClmuDr8Ch5+kg==
    dependencies:
      ee-first "1.1.1"
  
  on-finished@~2.3.0:
    version "2.3.0"
    resolved "https://registry.npmjs.org/on-finished/-/on-finished-2.3.0.tgz"
    integrity sha512-ikqdkGAAyf/X/gPhXGvfgAytDZtDbr+bkNUJ0N9h5MI/dmdgCs3l6hoHrcUv41sRKew3jIwrp4qQDXiK99Utww==
    dependencies:
      ee-first "1.1.1"
  
  on-headers@~1.0.2:
    version "1.0.2"
    resolved "https://registry.npmjs.org/on-headers/-/on-headers-1.0.2.tgz"
    integrity sha512-pZAE+FJLoyITytdqK0U5s+FIpjN0JP3OzFi/u8Rx+EV5/W+JTWGXG8xFzevE7AjBfDqHv/8vL8qQsIhHnqRkrA==
  
  once@^1.3.0, once@^1.3.1, once@^1.4.0:
    version "1.4.0"
    resolved "https://registry.npmjs.org/once/-/once-1.4.0.tgz"
    integrity sha512-lNaJgI+2Q5URQBkccEKHTQOPaXdUxnZZElQTZY0MFUAuaEqe1E+Nyvgdz/aIyNi6Z9MzO5dv1H8n58/GELp3+w==
    dependencies:
      wrappy "1"
  
  onetime@^5.1.0, onetime@^5.1.2:
    version "5.1.2"
    resolved "https://registry.npmjs.org/onetime/-/onetime-5.1.2.tgz"
    integrity sha512-kbpaSSGJTWdAY5KPVeMOKXSrPtr8C8C7wodJbcsd51jRnmD+GZu8Y0VoU6Dm5Z4vWr0Ig/1NKuWRKf7j5aaYSg==
    dependencies:
      mimic-fn "^2.1.0"
  
  openapi-types@^12.1.0, openapi-types@^12.1.1:
    version "12.1.3"
    resolved "https://registry.npmjs.org/openapi-types/-/openapi-types-12.1.3.tgz"
    integrity sha512-N4YtSYJqghVu4iek2ZUvcN/0aqH1kRDuNqzcycDxhOUpg7GdvLa2F3DgS6yBNhInhv2r/6I0Flkn7CqL8+nIcw==
  
  optionator@^0.9.3:
    version "0.9.3"
    resolved "https://registry.npmjs.org/optionator/-/optionator-0.9.3.tgz"
    integrity sha512-JjCoypp+jKn1ttEFExxhetCKeJt9zhAgAve5FXHixTvFDW/5aEktX9bufBKLRRMdU7bNtpLfcGu94B3cdEJgjg==
    dependencies:
      "@aashutoshrathi/word-wrap" "^1.2.3"
      deep-is "^0.1.3"
      fast-levenshtein "^2.0.6"
      levn "^0.4.1"
      prelude-ls "^1.2.1"
      type-check "^0.4.0"
  
  ora@^5.4.1:
    version "5.4.1"
    resolved "https://registry.npmjs.org/ora/-/ora-5.4.1.tgz"
    integrity sha512-5b6Y85tPxZZ7QytO+BQzysW31HJku27cRIlkbAXaNx+BdcVi+LlRFmVXzeF6a7JCwJpyw5c4b+YSVImQIrBpuQ==
    dependencies:
      bl "^4.1.0"
      chalk "^4.1.0"
      cli-cursor "^3.1.0"
      cli-spinners "^2.5.0"
      is-interactive "^1.0.0"
      is-unicode-supported "^0.1.0"
      log-symbols "^4.1.0"
      strip-ansi "^6.0.0"
      wcwidth "^1.0.1"
  
  p-limit@^2.2.0:
    version "2.3.0"
    resolved "https://registry.npmjs.org/p-limit/-/p-limit-2.3.0.tgz"
    integrity sha512-//88mFWSJx8lxCzwdAABTJL2MyWB12+eIY7MDL2SqLmAkeKU9qxRvWuSyTjm3FUmpBEMuFfckAIqEaVGUDxb6w==
    dependencies:
      p-try "^2.0.0"
  
  p-limit@^3.0.1, p-limit@^3.0.2:
    version "3.1.0"
    resolved "https://registry.npmjs.org/p-limit/-/p-limit-3.1.0.tgz"
    integrity sha512-TYOanM3wGwNGsZN2cVTYPArw454xnXj5qmWF1bEoAc4+cU/ol7GVh7odevjp1FNHduHc3KZMcFduxU5Xc6uJRQ==
    dependencies:
      yocto-queue "^0.1.0"
  
  p-locate@^4.1.0:
    version "4.1.0"
    resolved "https://registry.npmjs.org/p-locate/-/p-locate-4.1.0.tgz"
    integrity sha512-R79ZZ/0wAxKGu3oYMlz8jy/kbhsNrS7SKZ7PxEHBgJ5+F2mtFW2fK2cOtBh1cHYkQsbzFV7I+EoRKe6Yt0oK7A==
    dependencies:
      p-limit "^2.2.0"
  
  p-locate@^5.0.0:
    version "5.0.0"
    resolved "https://registry.npmjs.org/p-locate/-/p-locate-5.0.0.tgz"
    integrity sha512-LaNjtRWUBY++zB5nE/NwcaoMylSPk+S+ZHNB1TzdbMJMny6dynpAGt7X/tl/QYq3TIeE6nxHppbo2LGymrG5Pw==
    dependencies:
      p-limit "^3.0.2"
  
  p-try@^2.0.0:
    version "2.2.0"
    resolved "https://registry.npmjs.org/p-try/-/p-try-2.2.0.tgz"
    integrity sha512-R4nPAVTAU0B9D35/Gk3uJf/7XYbQcyohSKdvAxIRSNghFl4e71hVoGnBNQz9cWaXxO2I10KTC+3jMdvvoKw6dQ==
  
  parent-module@^1.0.0:
    version "1.0.1"
    resolved "https://registry.npmjs.org/parent-module/-/parent-module-1.0.1.tgz"
    integrity sha512-GQ2EWRpQV8/o+Aw8YqtfZZPfNRWZYkbidE9k5rpl/hC3vtHHBfGm2Ifi6qWV+coDGkrUKZAxE3Lot5kcsRlh+g==
    dependencies:
      callsites "^3.0.0"
  
  parse-json@^5.0.0, parse-json@^5.2.0:
    version "5.2.0"
    resolved "https://registry.npmjs.org/parse-json/-/parse-json-5.2.0.tgz"
    integrity sha512-ayCKvm/phCGxOkYRSCM82iDwct8/EonSEgCSxWxD7ve6jHggsFl4fZVQBPRNgQoKiuV/odhFrGzQXZwbifC8Rg==
    dependencies:
      "@babel/code-frame" "^7.0.0"
      error-ex "^1.3.1"
      json-parse-even-better-errors "^2.3.0"
      lines-and-columns "^1.1.6"
  
  parseurl@~1.3.3:
    version "1.3.3"
    resolved "https://registry.npmjs.org/parseurl/-/parseurl-1.3.3.tgz"
    integrity sha512-CiyeOxFT/JZyN5m0z9PfXw4SCBJ6Sygz1Dpl0wqjlhDEGGBP1GnsUVEL0p63hoG1fcj3fHynXi9NYO4nWOL+qQ==
  
  path-browserify@^1.0.1:
    version "1.0.1"
    resolved "https://registry.npmjs.org/path-browserify/-/path-browserify-1.0.1.tgz"
    integrity sha512-b7uo2UCUOYZcnF/3ID0lulOJi/bafxa1xPe7ZPsammBSpjSWQkjNxlt635YGS2MiR9GjvuXCtz2emr3jbsz98g==
  
  path-exists@^4.0.0:
    version "4.0.0"
    resolved "https://registry.npmjs.org/path-exists/-/path-exists-4.0.0.tgz"
    integrity sha512-ak9Qy5Q7jYb2Wwcey5Fpvg2KoAc/ZIhLSLOSBmRmygPsGwkVVt0fZa0qrtMz+m6tJTAHfZQ8FnmB4MG4LWy7/w==
  
  path-is-absolute@^1.0.0:
    version "1.0.1"
    resolved "https://registry.npmjs.org/path-is-absolute/-/path-is-absolute-1.0.1.tgz"
    integrity sha512-AVbw3UJ2e9bq64vSaS9Am0fje1Pa8pbGqTTsmXfaIiMpnr5DlDhfJOuLj9Sf95ZPVDAUerDfEk88MPmPe7UCQg==
  
  path-key@^3.0.0, path-key@^3.1.0:
    version "3.1.1"
    resolved "https://registry.npmjs.org/path-key/-/path-key-3.1.1.tgz"
    integrity sha512-ojmeN0qd+y0jszEtoY48r0Peq5dwMEkIlCOu6Q5f41lfkswXuKtYrhgoTpLnyIcHm24Uhqx+5Tqm2InSwLhE6Q==
  
  path-parse@^1.0.7:
    version "1.0.7"
    resolved "https://registry.npmjs.org/path-parse/-/path-parse-1.0.7.tgz"
    integrity sha512-LDJzPVEEEPR+y48z93A0Ed0yXb8pAByGWo/k5YYdYgpY2/2EsOsksJrq7lOHxryrVOn1ejG6oAp8ahvOIQD8sw==
  
  path-to-regexp@0.1.7:
    version "0.1.7"
    resolved "https://registry.npmjs.org/path-to-regexp/-/path-to-regexp-0.1.7.tgz"
    integrity sha512-5DFkuoqlv1uYQKxy8omFBeJPQcdoE07Kv2sferDCrAq1ohOU+MSDswDIbnx3YAM60qIOnYa53wBhXW0EbMonrQ==
  
  path-to-regexp@^6.2.0:
    version "6.2.1"
    resolved "https://registry.npmjs.org/path-to-regexp/-/path-to-regexp-6.2.1.tgz"
    integrity sha512-JLyh7xT1kizaEvcaXOQwOc2/Yhw6KZOvPf1S8401UyLk86CU79LN3vl7ztXGm/pZ+YjoyAJ4rxmHwbkBXJX+yw==
  
  path-type@^4.0.0:
    version "4.0.0"
    resolved "https://registry.npmjs.org/path-type/-/path-type-4.0.0.tgz"
    integrity sha512-gDKb8aZMDeD/tZWs9P6+q0J9Mwkdl6xMV8TjnGP3qJVJ06bdMgkbBlLU8IdfOsIsFz2BW1rNVT3XuNEl8zPAvw==
  
  picocolors@^1.0.0:
    version "1.0.0"
    resolved "https://registry.npmjs.org/picocolors/-/picocolors-1.0.0.tgz"
    integrity sha512-1fygroTLlHu66zi26VoTDv8yRgm0Fccecssto+MhsZ0D/DGW2sm8E8AjW7NU5VVTRt5GxbeZ5qBuJr+HyLYkjQ==
  
  picomatch@^2.0.4, picomatch@^2.2.1, picomatch@^2.3.1:
    version "2.3.1"
    resolved "https://registry.npmjs.org/picomatch/-/picomatch-2.3.1.tgz"
    integrity sha512-JU3teHTNjmE2VCGFzuY8EXzCDVwEqB2a8fsIvwaStHhAWJEeVd1o1QD80CU6+ZdEXXSLbSsuLwJjkCBWqRQUVA==
  
  pify@^4.0.1:
    version "4.0.1"
    resolved "https://registry.npmjs.org/pify/-/pify-4.0.1.tgz"
    integrity sha512-uB80kBFb/tfd68bVleG9T5GGsGPjJrLAUpR5PZIrhBnIaRTQRjqdJSsIKkOP6OAIFbj7GOrcudc5pNjZ+geV2g==
  
  pirates@^4.0.1:
    version "4.0.6"
    resolved "https://registry.npmjs.org/pirates/-/pirates-4.0.6.tgz"
    integrity sha512-saLsH7WeYYPiD25LDuLRRY/i+6HaPYr6G1OUlN39otzkSTxKnubR9RTxS3/Kk50s1g2JTgFwWQDQyplC5/SHZg==
  
  pkg-dir@^4.1.0:
    version "4.2.0"
    resolved "https://registry.npmjs.org/pkg-dir/-/pkg-dir-4.2.0.tgz"
    integrity sha512-HRDzbaKjC+AOWVXxAU/x54COGeIv9eb+6CkDSQoNTt4XyWoIJvuPsXizxu/Fr23EiekbtZwmh1IcIG/l/a10GQ==
    dependencies:
      find-up "^4.0.0"
  
  postcss-resolve-nested-selector@^0.1.1:
    version "0.1.1"
    resolved "https://registry.npmjs.org/postcss-resolve-nested-selector/-/postcss-resolve-nested-selector-0.1.1.tgz"
    integrity sha512-HvExULSwLqHLgUy1rl3ANIqCsvMS0WHss2UOsXhXnQaZ9VCc2oBvIpXrl00IUFT5ZDITME0o6oiXeiHr2SAIfw==
  
  postcss-safe-parser@^6.0.0:
    version "6.0.0"
    resolved "https://registry.npmjs.org/postcss-safe-parser/-/postcss-safe-parser-6.0.0.tgz"
    integrity sha512-FARHN8pwH+WiS2OPCxJI8FuRJpTVnn6ZNFiqAM2aeW2LwTHWWmWgIyKC6cUo0L8aeKiF/14MNvnpls6R2PBeMQ==
  
  postcss-selector-parser@^6.0.13:
    version "6.0.13"
    resolved "https://registry.npmjs.org/postcss-selector-parser/-/postcss-selector-parser-6.0.13.tgz"
    integrity sha512-EaV1Gl4mUEV4ddhDnv/xtj7sxwrwxdetHdWUGnT4VJQf+4d05v6lHYZr8N573k5Z0BViss7BDhfWtKS3+sfAqQ==
    dependencies:
      cssesc "^3.0.0"
      util-deprecate "^1.0.2"
  
  postcss-value-parser@^4.2.0:
    version "4.2.0"
    resolved "https://registry.npmjs.org/postcss-value-parser/-/postcss-value-parser-4.2.0.tgz"
    integrity sha512-1NNCs6uurfkVbeXG4S8JFT9t19m45ICnif8zWLd5oPSZ50QnwMfK+H3jv408d4jw/7Bttv5axS5IiHoLaVNHeQ==
  
  postcss@^8.4.27:
    version "8.4.30"
    resolved "https://registry.npmjs.org/postcss/-/postcss-8.4.30.tgz"
    integrity sha512-7ZEao1g4kd68l97aWG/etQKPKq07us0ieSZ2TnFDk11i0ZfDW2AwKHYU8qv4MZKqN2fdBfg+7q0ES06UA73C1g==
    dependencies:
      nanoid "^3.3.6"
      picocolors "^1.0.0"
      source-map-js "^1.0.2"
  
  prebuild-install@^7.1.2:
    version "7.1.2"
    resolved "https://registry.yarnpkg.com/prebuild-install/-/prebuild-install-7.1.2.tgz#a5fd9986f5a6251fbc47e1e5c65de71e68c0a056"
    integrity sha512-UnNke3IQb6sgarcZIDU3gbMeTp/9SSU1DAIkil7PrqG1vZlBtY5msYccSKSHDqa3hNg436IXK+SNImReuA1wEQ==
    dependencies:
      detect-libc "^2.0.0"
      expand-template "^2.0.3"
      github-from-package "0.0.0"
      minimist "^1.2.3"
      mkdirp-classic "^0.5.3"
      napi-build-utils "^1.0.1"
      node-abi "^3.3.0"
      pump "^3.0.0"
      rc "^1.2.7"
      simple-get "^4.0.0"
      tar-fs "^2.0.0"
      tunnel-agent "^0.6.0"
  
  prelude-ls@^1.2.1:
    version "1.2.1"
    resolved "https://registry.npmjs.org/prelude-ls/-/prelude-ls-1.2.1.tgz"
    integrity sha512-vkcDPrRZo1QZLbn5RLGPpg/WmIQ65qoWWhcGKf/b5eplkkarX0m9z8ppCat4mlOqUsWpyNuYgO3VRyrYHSzX5g==
  
  process-nextick-args@~2.0.0:
    version "2.0.1"
    resolved "https://registry.npmjs.org/process-nextick-args/-/process-nextick-args-2.0.1.tgz"
    integrity sha512-3ouUOpQhtgrbOa17J7+uxOTpITYWaGP7/AhoR3+A+/1e9skrzelGi/dXzEYyvbxubEF6Wn2ypscTKiKJFFn1ag==
  
  prompts@^2.4.2:
    version "2.4.2"
    resolved "https://registry.npmjs.org/prompts/-/prompts-2.4.2.tgz"
    integrity sha512-NxNv/kLguCA7p3jE8oL2aEBsrJWgAakBpgmgK6lpPWV+WuOmY6r2/zbAVnP+T8bQlA0nzHXSJSJW0Hq7ylaD2Q==
    dependencies:
      kleur "^3.0.3"
      sisteransi "^1.0.5"
  
  property-expr@^2.0.5:
    version "2.0.5"
    resolved "https://registry.npmjs.org/property-expr/-/property-expr-2.0.5.tgz"
    integrity sha512-IJUkICM5dP5znhCckHSv30Q4b5/JA5enCtkRHYaOVOAocnH/1BQEYTC5NMfT3AVl/iXKdr3aqQbQn9DxyWknwA==
  
  proto3-json-serializer@^2.0.0:
    version "2.0.2"
    resolved "https://registry.yarnpkg.com/proto3-json-serializer/-/proto3-json-serializer-2.0.2.tgz#5b705203b4d58f3880596c95fad64902617529dd"
    integrity sha512-SAzp/O4Yh02jGdRc+uIrGoe87dkN/XtwxfZ4ZyafJHymd79ozp5VG5nyZ7ygqPM5+cpLDjjGnYFUkngonyDPOQ==
    dependencies:
      protobufjs "^7.2.5"
  
  protobufjs@7.3.0, protobufjs@^7.2.5, protobufjs@^7.2.6:
    version "7.3.0"
    resolved "https://registry.yarnpkg.com/protobufjs/-/protobufjs-7.3.0.tgz#a32ec0422c039798c41a0700306a6e305b9cb32c"
    integrity sha512-YWD03n3shzV9ImZRX3ccbjqLxj7NokGN0V/ESiBV5xWqrommYHYiihuIyavq03pWSGqlyvYUFmfoMKd+1rPA/g==
    dependencies:
      "@protobufjs/aspromise" "^1.1.2"
      "@protobufjs/base64" "^1.1.2"
      "@protobufjs/codegen" "^2.0.4"
      "@protobufjs/eventemitter" "^1.1.0"
      "@protobufjs/fetch" "^1.1.0"
      "@protobufjs/float" "^1.0.2"
      "@protobufjs/inquire" "^1.1.0"
      "@protobufjs/path" "^1.1.2"
      "@protobufjs/pool" "^1.1.0"
      "@protobufjs/utf8" "^1.1.0"
      "@types/node" ">=13.7.0"
      long "^5.0.0"
  
  proxy-addr@~2.0.7:
    version "2.0.7"
    resolved "https://registry.npmjs.org/proxy-addr/-/proxy-addr-2.0.7.tgz"
    integrity sha512-llQsMLSUDUPT44jdrU/O37qlnifitDP+ZwrmmZcoSKyLKvtZxpyV0n2/bD/N4tBAAZ/gJEdZU7KMraoK1+XYAg==
    dependencies:
      forwarded "0.2.0"
      ipaddr.js "1.9.1"
  
  pstree.remy@^1.1.8:
    version "1.1.8"
    resolved "https://registry.npmjs.org/pstree.remy/-/pstree.remy-1.1.8.tgz"
    integrity sha512-77DZwxQmxKnu3aR542U+X8FypNzbfJ+C5XQDk3uWjWxn6151aIMGthWYRXTqT1E5oJvg+ljaa2OJi+VfvCOQ8w==
  
  pump@^3.0.0:
    version "3.0.0"
    resolved "https://registry.yarnpkg.com/pump/-/pump-3.0.0.tgz#b4a2116815bde2f4e1ea602354e8c75565107a64"
    integrity sha512-LwZy+p3SFs1Pytd/jYct4wpv49HiYCqd9Rlc5ZVdk0V+8Yzv6jR5Blk3TRmPL1ft69TxP0IMZGJ+WPFU2BFhww==
    dependencies:
      end-of-stream "^1.1.0"
      once "^1.3.1"
  
  punycode@^2.1.0, punycode@^2.1.1:
    version "2.3.0"
    resolved "https://registry.npmjs.org/punycode/-/punycode-2.3.0.tgz"
    integrity sha512-rRV+zQD8tVFys26lAGR9WUuS4iUAngJScM+ZRSKtvl5tKeZ2t5bvdNFdNHBW9FWR4guGHlgmsZ1G7BSm2wTbuA==
  
  qs@6.11.0, qs@^6.10.5:
    version "6.11.0"
    resolved "https://registry.npmjs.org/qs/-/qs-6.11.0.tgz"
    integrity sha512-MvjoMCJwEarSbUYk5O+nmoSzSutSsTwF85zcHPQ9OrlFoZOYIjaqBAJIqIXjptyD5vThxGq52Xu/MaJzRkIk4Q==
    dependencies:
      side-channel "^1.0.4"
  
  queue-microtask@^1.2.2:
    version "1.2.3"
    resolved "https://registry.npmjs.org/queue-microtask/-/queue-microtask-1.2.3.tgz"
    integrity sha512-NuaNSa6flKT5JaSYQzJok04JzTL1CA6aGhv5rfLW3PgqA+M2ChpZQnAC8h8i4ZFkBS8X5RqkDBHA7r4hej3K9A==
  
  queue@6.0.2:
    version "6.0.2"
    resolved "https://registry.npmjs.org/queue/-/queue-6.0.2.tgz"
    integrity sha512-iHZWu+q3IdFZFX36ro/lKBkSvfkztY5Y7HMiPlOUjhupPcG2JMfst2KKEpu5XndviX/3UhFbRngUPNKtgvtZiA==
    dependencies:
      inherits "~2.0.3"
  
  quick-lru@^5.1.1:
    version "5.1.1"
    resolved "https://registry.npmjs.org/quick-lru/-/quick-lru-5.1.1.tgz"
    integrity sha512-WuyALRjWPDGtt/wzJiadO5AXY+8hZ80hVpe6MyivgraREW751X3SbhRvG3eLKOYN+8VEvqLcf3wdnt44Z4S4SA==
  
  range-parser@~1.2.1:
    version "1.2.1"
    resolved "https://registry.npmjs.org/range-parser/-/range-parser-1.2.1.tgz"
    integrity sha512-Hrgsx+orqoygnmhFbKaHE6c296J+HTAQXoxEF6gNupROmmGJRoyzfG3ccAveqCBrwr/2yxQ5BVd/GTl5agOwSg==
  
  raw-body@2.5.1:
    version "2.5.1"
    resolved "https://registry.npmjs.org/raw-body/-/raw-body-2.5.1.tgz"
    integrity sha512-qqJBtEyVgS0ZmPGdCFPWJ3FreoqvG4MVQln/kCgF7Olq95IbOp0/BWyMwbdtn4VTvkM8Y7khCQ2Xgk/tcrCXig==
    dependencies:
      bytes "3.1.2"
      http-errors "2.0.0"
      iconv-lite "0.4.24"
      unpipe "1.0.0"
  
  raw-body@2.5.2:
    version "2.5.2"
    resolved "https://registry.npmjs.org/raw-body/-/raw-body-2.5.2.tgz"
    integrity sha512-8zGqypfENjCIqGhgXToC8aB2r7YrBX+AQAfIPs/Mlk+BtPTztOvTS01NRW/3Eh60J+a48lt8qsCzirQ6loCVfA==
    dependencies:
      bytes "3.1.2"
      http-errors "2.0.0"
      iconv-lite "0.4.24"
      unpipe "1.0.0"
  
  rc@^1.2.7:
    version "1.2.8"
    resolved "https://registry.yarnpkg.com/rc/-/rc-1.2.8.tgz#cd924bf5200a075b83c188cd6b9e211b7fc0d3ed"
    integrity sha512-y3bGgqKj3QBdxLbLkomlohkvsA8gdAiUQlSBJnBhfn+BPxg4bc62d8TcBW15wavDfgexCgccckhcZvywyQYPOw==
    dependencies:
      deep-extend "^0.6.0"
      ini "~1.3.0"
      minimist "^1.2.0"
      strip-json-comments "~2.0.1"
  
  read-pkg-up@^8.0.0:
    version "8.0.0"
    resolved "https://registry.npmjs.org/read-pkg-up/-/read-pkg-up-8.0.0.tgz"
    integrity sha512-snVCqPczksT0HS2EC+SxUndvSzn6LRCwpfSvLrIfR5BKDQQZMaI6jPRC9dYvYFDRAuFEAnkwww8kBBNE/3VvzQ==
    dependencies:
      find-up "^5.0.0"
      read-pkg "^6.0.0"
      type-fest "^1.0.1"
  
  read-pkg@^6.0.0:
    version "6.0.0"
    resolved "https://registry.npmjs.org/read-pkg/-/read-pkg-6.0.0.tgz"
    integrity sha512-X1Fu3dPuk/8ZLsMhEj5f4wFAF0DWoK7qhGJvgaijocXxBmSToKfbFtqbxMO7bVjNA1dmE5huAzjXj/ey86iw9Q==
    dependencies:
      "@types/normalize-package-data" "^2.4.0"
      normalize-package-data "^3.0.2"
      parse-json "^5.2.0"
      type-fest "^1.0.1"
  
  readable-stream@^2.2.2:
    version "2.3.8"
    resolved "https://registry.npmjs.org/readable-stream/-/readable-stream-2.3.8.tgz"
    integrity sha512-8p0AUk4XODgIewSi0l8Epjs+EVnWiK7NoDIEGU0HhE7+ZyY8D1IMY7odu5lRrFXGg71L15KG8QrPmum45RTtdA==
    dependencies:
      core-util-is "~1.0.0"
      inherits "~2.0.3"
      isarray "~1.0.0"
      process-nextick-args "~2.0.0"
      safe-buffer "~5.1.1"
      string_decoder "~1.1.1"
      util-deprecate "~1.0.1"
  
  readable-stream@^3.1.1, readable-stream@^3.4.0, readable-stream@^3.6.0:
    version "3.6.2"
    resolved "https://registry.npmjs.org/readable-stream/-/readable-stream-3.6.2.tgz"
    integrity sha512-9u/sniCrY3D5WdsERHzHE4G2YCXqoG5FTHUiCC4SIbr6XcLZBY05ya9EKjYek9O5xOAwjGq+1JdGBAS7Q9ScoA==
    dependencies:
      inherits "^2.0.3"
      string_decoder "^1.1.1"
      util-deprecate "^1.0.1"
  
  readdirp@~3.6.0:
    version "3.6.0"
    resolved "https://registry.npmjs.org/readdirp/-/readdirp-3.6.0.tgz"
    integrity sha512-hOS089on8RduqdbhvQ5Z37A0ESjsqz6qnRcffsMU3495FuTdqSm+7bhJ29JvIOsBDEEnan5DPu9t3To9VRlMzA==
    dependencies:
      picomatch "^2.2.1"
  
  redent@^4.0.0:
    version "4.0.0"
    resolved "https://registry.npmjs.org/redent/-/redent-4.0.0.tgz"
    integrity sha512-tYkDkVVtYkSVhuQ4zBgfvciymHaeuel+zFKXShfDnFP5SyVEP7qo70Rf1jTOTCx3vGNAbnEi/xFkcfQVMIBWag==
    dependencies:
      indent-string "^5.0.0"
      strip-indent "^4.0.0"
  
  reftools@^1.1.9:
    version "1.1.9"
    resolved "https://registry.npmjs.org/reftools/-/reftools-1.1.9.tgz"
    integrity sha512-OVede/NQE13xBQ+ob5CKd5KyeJYU2YInb1bmV4nRoOfquZPkAkxuOXicSe1PvqIuZZ4kD13sPKBbR7UFDmli6w==
  
  regenerator-runtime@^0.14.0:
    version "0.14.1"
    resolved "https://registry.npmjs.org/regenerator-runtime/-/regenerator-runtime-0.14.1.tgz"
    integrity sha512-dYnhHh0nJoMfnkZs6GmmhFknAGRrLznOu5nc9ML+EJxGvrx6H7teuevqVqCuPcPK//3eDrrjQhehXVx9cnkGdw==
  
  regexp.prototype.flags@^1.4.3:
    version "1.5.0"
    resolved "https://registry.npmjs.org/regexp.prototype.flags/-/regexp.prototype.flags-1.5.0.tgz"
    integrity sha512-0SutC3pNudRKgquxGoRGIz946MZVHqbNfPjBdxeOhBrdgDKlRoXmYLQN9xRbrR09ZXWeGAdPuif7egofn6v5LA==
    dependencies:
      call-bind "^1.0.2"
      define-properties "^1.2.0"
      functions-have-names "^1.2.3"
  
  regexp.prototype.flags@^1.5.1:
    version "1.5.1"
    resolved "https://registry.npmjs.org/regexp.prototype.flags/-/regexp.prototype.flags-1.5.1.tgz"
    integrity sha512-sy6TXMN+hnP/wMy+ISxg3krXx7BAtWVO4UouuCN/ziM9UEne0euamVNafDfvC83bRNr95y0V5iijeDQFUNpvrg==
    dependencies:
      call-bind "^1.0.2"
      define-properties "^1.2.0"
      set-function-name "^2.0.0"
  
  remove-undefined-objects@^2.0.2:
    version "2.0.2"
    resolved "https://registry.npmjs.org/remove-undefined-objects/-/remove-undefined-objects-2.0.2.tgz"
    integrity sha512-b6x4MUtR4YBW1aCoGx3tE4mA2PFjiXSmtSdNmLexQzUdZa4ybnJAItXLKpkcVgCUJIzJtk2DFG402sMSEMlonQ==
  
  remove-undefined-objects@^3.0.0:
    version "3.0.0"
    resolved "https://registry.npmjs.org/remove-undefined-objects/-/remove-undefined-objects-3.0.0.tgz"
    integrity sha512-nxG1yYfc/Jxi+bNCBiqKhxVJPE+QvziIOKbD+Dxc93Uisz92v/ZYpo4WR0TJuf+dk2xE8lW2WPJsA3mDFzXy8w==
  
  require-directory@^2.1.1:
    version "2.1.1"
    resolved "https://registry.npmjs.org/require-directory/-/require-directory-2.1.1.tgz"
    integrity sha512-fGxEI7+wsG9xrvdjsrlmL22OMTTiHRwAMroiEeMgq8gzoLC/PQr7RsRDSTLUg/bZAZtF+TVIkHc6/4RIKrui+Q==
  
  require-from-string@^2.0.2:
    version "2.0.2"
    resolved "https://registry.npmjs.org/require-from-string/-/require-from-string-2.0.2.tgz"
    integrity sha512-Xf0nWe6RseziFMu+Ap9biiUbmplq6S9/p+7w7YXP/JBHhrUDDUhwa+vANyubuqfZWTveU//DYVGsDG7RKL/vEw==
  
  resolve-from@^4.0.0:
    version "4.0.0"
    resolved "https://registry.npmjs.org/resolve-from/-/resolve-from-4.0.0.tgz"
    integrity sha512-pb/MYmXstAkysRFx8piNI1tGFNQIFA3vkE3Gq4EuA1dF6gHp/+vgZqsCGJapvy8N3Q+4o7FwvquPJcnZ7RYy4g==
  
  resolve-from@^5.0.0:
    version "5.0.0"
    resolved "https://registry.npmjs.org/resolve-from/-/resolve-from-5.0.0.tgz"
    integrity sha512-qYg9KP24dD5qka9J47d0aVky0N+b4fTU89LN9iDnjB5waksiC49rvMB0PrUJQGoTmH50XPiqOvAjDfaijGxYZw==
  
  resolve@^1.22.1:
    version "1.22.2"
    resolved "https://registry.npmjs.org/resolve/-/resolve-1.22.2.tgz"
    integrity sha512-Sb+mjNHOULsBv818T40qSPeRiuWLyaGMa5ewydRLFimneixmVy2zdivRl+AF6jaYPC8ERxGDmFSiqui6SfPd+g==
    dependencies:
      is-core-module "^2.11.0"
      path-parse "^1.0.7"
      supports-preserve-symlinks-flag "^1.0.0"
  
  restore-cursor@^3.1.0:
    version "3.1.0"
    resolved "https://registry.npmjs.org/restore-cursor/-/restore-cursor-3.1.0.tgz"
    integrity sha512-l+sSefzHpj5qimhFSE5a8nufZYAM3sBSVMAPtYkmC+4EH2anSGaEMXSD0izRQbu9nfyQ9y5JrVmp7E8oZrUjvA==
    dependencies:
      onetime "^5.1.0"
      signal-exit "^3.0.2"
  
  retry-request@^7.0.0:
    version "7.0.2"
    resolved "https://registry.yarnpkg.com/retry-request/-/retry-request-7.0.2.tgz#60bf48cfb424ec01b03fca6665dee91d06dd95f3"
    integrity sha512-dUOvLMJ0/JJYEn8NrpOaGNE7X3vpI5XlZS/u0ANjqtcZVKnIxP7IgCFwrKTxENw29emmwug53awKtaMm4i9g5w==
    dependencies:
      "@types/request" "^2.48.8"
      extend "^3.0.2"
      teeny-request "^9.0.0"
  
  retry@0.13.1:
    version "0.13.1"
    resolved "https://registry.yarnpkg.com/retry/-/retry-0.13.1.tgz#185b1587acf67919d63b357349e03537b2484658"
    integrity sha512-XQBQ3I8W1Cge0Seh+6gjj03LbmRFWuoszgK9ooCpwYIrhhoO80pfq4cUkU5DkknwfOfFteRwlZ56PYOGYyFWdg==
  
  reusify@^1.0.4:
    version "1.0.4"
    resolved "https://registry.npmjs.org/reusify/-/reusify-1.0.4.tgz"
    integrity sha512-U9nH88a3fc/ekCF1l0/UP1IosiuIjyTh7hBvXVMHYgVcfGvt897Xguj2UOLDeI5BG2m7/uwyaLVT6fbtCwTyzw==
  
  rimraf@^3.0.2:
    version "3.0.2"
    resolved "https://registry.npmjs.org/rimraf/-/rimraf-3.0.2.tgz"
    integrity sha512-JZkJMZkAGFFPP2YqXZXPbMlMBgsxzE8ILs4lMIX/2o0L9UBw9O/Y3o6wFw/i9YLapcUJWwqbi3kdxIPdC62TIA==
    dependencies:
      glob "^7.1.3"
  
  run-parallel@^1.1.9:
    version "1.2.0"
    resolved "https://registry.npmjs.org/run-parallel/-/run-parallel-1.2.0.tgz"
    integrity sha512-5l4VyZR86LZ/lDxZTR6jqL8AFE2S0IFLMP26AbjsLVADxHdhB/c0GUsH+y39UfCi3dzz8OlQuPmnaJOMoDHQBA==
    dependencies:
      queue-microtask "^1.2.2"
  
  safe-array-concat@^1.0.1:
    version "1.0.1"
    resolved "https://registry.npmjs.org/safe-array-concat/-/safe-array-concat-1.0.1.tgz"
    integrity sha512-6XbUAseYE2KtOuGueyeobCySj9L4+66Tn6KQMOPQJrAJEowYKW/YR/MGJZl7FdydUdaFu4LYyDZjxf4/Nmo23Q==
    dependencies:
      call-bind "^1.0.2"
      get-intrinsic "^1.2.1"
      has-symbols "^1.0.3"
      isarray "^2.0.5"
  
  safe-buffer@5.1.2, safe-buffer@~5.1.0, safe-buffer@~5.1.1:
    version "5.1.2"
    resolved "https://registry.npmjs.org/safe-buffer/-/safe-buffer-5.1.2.tgz"
    integrity sha512-Gd2UZBJDkXlY7GbJxfsE8/nvKkUEU1G38c1siN6QP6a9PT9MmHB8GnpscSmMJSoF8LOIrt8ud/wPtojys4G6+g==
  
  safe-buffer@5.2.1, safe-buffer@>=5.1.0, safe-buffer@^5.0.1:
    version "5.2.1"
    resolved "https://registry.npmjs.org/safe-buffer/-/safe-buffer-5.2.1.tgz"
    integrity sha512-rp3So07KcdmmKbGvgaNxQSJr7bGVSVk5S9Eq1F+ppbRo70+YeaDxkw5Dd8NPN+GD6bjnYm2VuPuCXmpuYvmCXQ==
  
  safe-regex-test@^1.0.0:
    version "1.0.0"
    resolved "https://registry.npmjs.org/safe-regex-test/-/safe-regex-test-1.0.0.tgz"
    integrity sha512-JBUUzyOgEwXQY1NuPtvcj/qcBDbDmEvWufhlnXZIm75DEHp+afM1r1ujJpJsV/gSM4t59tpDyPi1sd6ZaPFfsA==
    dependencies:
      call-bind "^1.0.2"
      get-intrinsic "^1.1.3"
      is-regex "^1.1.4"
  
  "safer-buffer@>= 2.1.2 < 3":
    version "2.1.2"
    resolved "https://registry.npmjs.org/safer-buffer/-/safer-buffer-2.1.2.tgz"
    integrity sha512-YZo3K82SD7Riyi0E1EQPojLz7kpepnSQI9IyPbHHg1XXXevb5dJI7tpyN2ADxGcQbHG7vcyRHk0cbwqcQriUtg==
  
  semver@^5.6.0:
    version "5.7.1"
    resolved "https://registry.npmjs.org/semver/-/semver-5.7.1.tgz"
    integrity sha512-sauaDf/PZdVgrLTNYHRtpXa1iRiKcaebiKQ1BJdpQlWH2lCvexQdX55snPFyK7QzpudqbCI0qXFfOasHdyNDGQ==
  
  semver@^6.0.0, semver@^6.3.1:
    version "6.3.1"
    resolved "https://registry.npmjs.org/semver/-/semver-6.3.1.tgz"
    integrity sha512-BR7VvDCVHO+q2xBEWskxS6DJE1qRnb7DxzUrogb71CWoSficBxYsiAGd+Kl0mmq/MprG9yArRkyrQxTO6XjMzA==
  
  semver@^6.3.0:
    version "6.3.0"
    resolved "https://registry.npmjs.org/semver/-/semver-6.3.0.tgz"
    integrity sha512-b39TBaTSfV6yBrapU89p5fKekE2m/NwnDocOVruQFS1/veMgdzuPcnOM34M6CwxW8jH/lxEa5rBoDeUwu5HHTw==
  
  semver@^7.0.0, semver@^7.3.4, semver@^7.3.8, semver@^7.5.3, semver@^7.5.4:
    version "7.5.4"
    resolved "https://registry.npmjs.org/semver/-/semver-7.5.4.tgz"
    integrity sha512-1bCSESV6Pv+i21Hvpxp3Dx+pSD8lIPt8uVjRrxAUt/nbswYc+tK6Y2btiULjd4+fnq15PX+nqQDC7Oft7WkwcA==
    dependencies:
      lru-cache "^6.0.0"
  
  semver@^7.3.5:
    version "7.6.2"
    resolved "https://registry.yarnpkg.com/semver/-/semver-7.6.2.tgz#1e3b34759f896e8f14d6134732ce798aeb0c6e13"
    integrity sha512-FNAIBWCx9qcRhoHcgcJ0gvU7SN1lYU2ZXuSfl04bSC5OpvDHFyJCjdNHomPXxjQlCBU67YW64PzY7/VIEH7F2w==
  
  send@0.18.0:
    version "0.18.0"
    resolved "https://registry.npmjs.org/send/-/send-0.18.0.tgz"
    integrity sha512-qqWzuOjSFOuqPjFe4NOsMLafToQQwBSOEpS+FwEt3A2V3vKubTquT3vmLTQpFgMXp8AlFWFuP1qKaJZOtPpVXg==
    dependencies:
      debug "2.6.9"
      depd "2.0.0"
      destroy "1.2.0"
      encodeurl "~1.0.2"
      escape-html "~1.0.3"
      etag "~1.8.1"
      fresh "0.5.2"
      http-errors "2.0.0"
      mime "1.6.0"
      ms "2.1.3"
      on-finished "2.4.1"
      range-parser "~1.2.1"
      statuses "2.0.1"
  
  serve-static@1.15.0:
    version "1.15.0"
    resolved "https://registry.npmjs.org/serve-static/-/serve-static-1.15.0.tgz"
    integrity sha512-XGuRDNjXUijsUL0vl6nSD7cwURuzEgglbOaFuZM9g3kwDXOWVTck0jLzjPzGD+TazWbboZYu52/9/XPdUgne9g==
    dependencies:
      encodeurl "~1.0.2"
      escape-html "~1.0.3"
      parseurl "~1.3.3"
      send "0.18.0"
  
  set-function-name@^2.0.0:
    version "2.0.1"
    resolved "https://registry.npmjs.org/set-function-name/-/set-function-name-2.0.1.tgz"
    integrity sha512-tMNCiqYVkXIZgc2Hnoy2IvC/f8ezc5koaRFkCjrpWzGpCd3qbZXPzVy9MAZzK1ch/X0jvSkojys3oqJN0qCmdA==
    dependencies:
      define-data-property "^1.0.1"
      functions-have-names "^1.2.3"
      has-property-descriptors "^1.0.0"
  
  setprototypeof@1.2.0:
    version "1.2.0"
    resolved "https://registry.npmjs.org/setprototypeof/-/setprototypeof-1.2.0.tgz"
    integrity sha512-E5LDX7Wrp85Kil5bhZv46j8jOeboKq5JMmYM3gVGdGH8xFpPWXUMsNrlODCrkoxMEeNi/XZIwuRvY4XNwYMJpw==
  
  shebang-command@^2.0.0:
    version "2.0.0"
    resolved "https://registry.npmjs.org/shebang-command/-/shebang-command-2.0.0.tgz"
    integrity sha512-kHxr2zZpYtdmrN1qDjrrX/Z1rR1kG8Dx+gkpK1G4eXmvXswmcE1hTWBWYUzlraYw1/yZp6YuDY77YtvbN0dmDA==
    dependencies:
      shebang-regex "^3.0.0"
  
  shebang-regex@^3.0.0:
    version "3.0.0"
    resolved "https://registry.npmjs.org/shebang-regex/-/shebang-regex-3.0.0.tgz"
    integrity sha512-7++dFhtcx3353uBaq8DDR4NuxBetBzC7ZQOhmTQInHEd6bSrXdiEyzCvG07Z44UYdLShWUyXt5M/yhz8ekcb1A==
  
  should-equal@^2.0.0:
    version "2.0.0"
    resolved "https://registry.npmjs.org/should-equal/-/should-equal-2.0.0.tgz"
    integrity sha512-ZP36TMrK9euEuWQYBig9W55WPC7uo37qzAEmbjHz4gfyuXrEUgF8cUvQVO+w+d3OMfPvSRQJ22lSm8MQJ43LTA==
    dependencies:
      should-type "^1.4.0"
  
  should-format@^3.0.3:
    version "3.0.3"
    resolved "https://registry.npmjs.org/should-format/-/should-format-3.0.3.tgz"
    integrity sha512-hZ58adtulAk0gKtua7QxevgUaXTTXxIi8t41L3zo9AHvjXO1/7sdLECuHeIN2SRtYXpNkmhoUP2pdeWgricQ+Q==
    dependencies:
      should-type "^1.3.0"
      should-type-adaptors "^1.0.1"
  
  should-type-adaptors@^1.0.1:
    version "1.1.0"
    resolved "https://registry.npmjs.org/should-type-adaptors/-/should-type-adaptors-1.1.0.tgz"
    integrity sha512-JA4hdoLnN+kebEp2Vs8eBe9g7uy0zbRo+RMcU0EsNy+R+k049Ki+N5tT5Jagst2g7EAja+euFuoXFCa8vIklfA==
    dependencies:
      should-type "^1.3.0"
      should-util "^1.0.0"
  
  should-type@^1.3.0, should-type@^1.4.0:
    version "1.4.0"
    resolved "https://registry.npmjs.org/should-type/-/should-type-1.4.0.tgz"
    integrity sha512-MdAsTu3n25yDbIe1NeN69G4n6mUnJGtSJHygX3+oN0ZbO3DTiATnf7XnYJdGT42JCXurTb1JI0qOBR65shvhPQ==
  
  should-util@^1.0.0:
    version "1.0.1"
    resolved "https://registry.npmjs.org/should-util/-/should-util-1.0.1.tgz"
    integrity sha512-oXF8tfxx5cDk8r2kYqlkUJzZpDBqVY/II2WhvU0n9Y3XYvAYRmeaf1PvvIvTgPnv4KJ+ES5M0PyDq5Jp+Ygy2g==
  
  should@^13.2.1:
    version "13.2.3"
    resolved "https://registry.npmjs.org/should/-/should-13.2.3.tgz"
    integrity sha512-ggLesLtu2xp+ZxI+ysJTmNjh2U0TsC+rQ/pfED9bUZZ4DKefP27D+7YJVVTvKsmjLpIi9jAa7itwDGkDDmt1GQ==
    dependencies:
      should-equal "^2.0.0"
      should-format "^3.0.3"
      should-type "^1.4.0"
      should-type-adaptors "^1.0.1"
      should-util "^1.0.0"
  
  side-channel@^1.0.4:
    version "1.0.4"
    resolved "https://registry.npmjs.org/side-channel/-/side-channel-1.0.4.tgz"
    integrity sha512-q5XPytqFEIKHkGdiMIrY10mvLRvnQh42/+GoBlFW3b2LXLE2xxJpZFdm94we0BaoV3RwJyGqg5wS7epxTv0Zvw==
    dependencies:
      call-bind "^1.0.0"
      get-intrinsic "^1.0.2"
      object-inspect "^1.9.0"
  
  sift@16.0.1:
    version "16.0.1"
    resolved "https://registry.npmjs.org/sift/-/sift-16.0.1.tgz"
    integrity sha512-Wv6BjQ5zbhW7VFefWusVP33T/EM0vYikCaQ2qR8yULbsilAT8/wQaXvuQ3ptGLpoKx+lihJE3y2UTgKDyyNHZQ==
  
  signal-exit@^3.0.2, signal-exit@^3.0.3:
    version "3.0.7"
    resolved "https://registry.npmjs.org/signal-exit/-/signal-exit-3.0.7.tgz"
    integrity sha512-wnD2ZE+l+SPC/uoS0vXeE9L1+0wuaMqKlfz9AMUo38JsyLSBWSFcHR1Rri62LZc12vLr1gb3jl7iwQhgwpAbGQ==
  
  signal-exit@^4.0.1:
    version "4.0.2"
    resolved "https://registry.npmjs.org/signal-exit/-/signal-exit-4.0.2.tgz"
    integrity sha512-MY2/qGx4enyjprQnFaZsHib3Yadh3IXyV2C321GY0pjGfVBu4un0uDJkwgdxqO+Rdx8JMT8IfJIRwbYVz3Ob3Q==
  
  simple-concat@^1.0.0:
    version "1.0.1"
    resolved "https://registry.yarnpkg.com/simple-concat/-/simple-concat-1.0.1.tgz#f46976082ba35c2263f1c8ab5edfe26c41c9552f"
    integrity sha512-cSFtAPtRhljv69IK0hTVZQ+OfE9nePi/rtJmw5UjHeVyVroEqJXP1sFztKUy1qU+xvz3u/sfYJLa947b7nAN2Q==
  
  simple-get@^4.0.0:
    version "4.0.1"
    resolved "https://registry.yarnpkg.com/simple-get/-/simple-get-4.0.1.tgz#4a39db549287c979d352112fa03fd99fd6bc3543"
    integrity sha512-brv7p5WgH0jmQJr1ZDDfKDOSeWWg+OVypG99A/5vYGPqJ6pxiaHLy8nxtFjBA7oMa01ebA9gfh1uMCFqOuXxvA==
    dependencies:
      decompress-response "^6.0.0"
      once "^1.3.1"
      simple-concat "^1.0.0"
  
  simple-update-notifier@^2.0.0:
    version "2.0.0"
    resolved "https://registry.npmjs.org/simple-update-notifier/-/simple-update-notifier-2.0.0.tgz"
    integrity sha512-a2B9Y0KlNXl9u/vsW6sTIu9vGEpfKu2wRV6l1H3XEas/0gUIzGzBoP/IouTcUQbm9JWZLH3COxyn03TYlFax6w==
    dependencies:
      semver "^7.5.3"
  
  sisteransi@^1.0.5:
    version "1.0.5"
    resolved "https://registry.npmjs.org/sisteransi/-/sisteransi-1.0.5.tgz"
    integrity sha512-bLGGlR1QxBcynn2d5YmDX4MGjlZvy2MRBDRNHLJ8VI6l6+9FUiyTFNJ0IveOSP0bcXgVDPRcfGqA0pjaqUpfVg==
  
  slash@^2.0.0:
    version "2.0.0"
    resolved "https://registry.npmjs.org/slash/-/slash-2.0.0.tgz"
    integrity sha512-ZYKh3Wh2z1PpEXWr0MpSBZ0V6mZHAQfYevttO11c51CaWjGTaadiKZ+wVt1PbMlDV5qhMFslpZCemhwOK7C89A==
  
  slash@^3.0.0:
    version "3.0.0"
    resolved "https://registry.npmjs.org/slash/-/slash-3.0.0.tgz"
    integrity sha512-g9Q1haeby36OSStwb4ntCGGGaKsaVSjQ68fBxoQcutl5fS1vuY18H3wSt3jFyFtrkx+Kz0V1G85A4MyAdDMi2Q==
  
  slice-ansi@^4.0.0:
    version "4.0.0"
    resolved "https://registry.npmjs.org/slice-ansi/-/slice-ansi-4.0.0.tgz"
    integrity sha512-qMCMfhY040cVHT43K9BFygqYbUPFZKHOg7K73mtTWJRb8pyP3fzf4Ixd5SzdEJQ6MRUg/WBnOLxghZtKKurENQ==
    dependencies:
      ansi-styles "^4.0.0"
      astral-regex "^2.0.0"
      is-fullwidth-code-point "^3.0.0"
  
  smart-buffer@^4.2.0:
    version "4.2.0"
    resolved "https://registry.npmjs.org/smart-buffer/-/smart-buffer-4.2.0.tgz"
    integrity sha512-94hK0Hh8rPqQl2xXc3HsaBoOXKV20MToPkcXvwbISWLEs+64sBq5kFgn2kJDHb1Pry9yrP0dxrCI9RRci7RXKg==
  
  socks@^2.7.1:
    version "2.7.1"
    resolved "https://registry.npmjs.org/socks/-/socks-2.7.1.tgz"
    integrity sha512-7maUZy1N7uo6+WVEX6psASxtNlKaNVMlGQKkG/63nEDdLOWNbiUMoLK7X4uYoLhQstau72mLgfEWcXcwsaHbYQ==
    dependencies:
      ip "^2.0.0"
      smart-buffer "^4.2.0"
  
  source-map-js@^1.0.1, source-map-js@^1.0.2:
    version "1.0.2"
    resolved "https://registry.npmjs.org/source-map-js/-/source-map-js-1.0.2.tgz"
    integrity sha512-R0XvVJ9WusLiqTCEiGCmICCMplcCkIwwR11mOSD9CR5u+IXYdiseeEuXCVAjS54zqwkLcPNnmU4OeJ6tUrWhDw==
  
  sparse-bitfield@^3.0.3:
    version "3.0.3"
    resolved "https://registry.npmjs.org/sparse-bitfield/-/sparse-bitfield-3.0.3.tgz"
    integrity sha512-kvzhi7vqKTfkh0PZU+2D2PIllw2ymqJKujUcyPMd9Y75Nv4nPbGJZXNhxsgdQab2BmlDct1YnfQCguEvHr7VsQ==
    dependencies:
      memory-pager "^1.0.2"
  
  spdx-correct@^3.0.0:
    version "3.2.0"
    resolved "https://registry.npmjs.org/spdx-correct/-/spdx-correct-3.2.0.tgz"
    integrity sha512-kN9dJbvnySHULIluDHy32WHRUu3Og7B9sbY7tsFLctQkIqnMh3hErYgdMjTYuqmcXX+lK5T1lnUt3G7zNswmZA==
    dependencies:
      spdx-expression-parse "^3.0.0"
      spdx-license-ids "^3.0.0"
  
  spdx-exceptions@^2.1.0:
    version "2.3.0"
    resolved "https://registry.npmjs.org/spdx-exceptions/-/spdx-exceptions-2.3.0.tgz"
    integrity sha512-/tTrYOC7PPI1nUAgx34hUpqXuyJG+DTHJTnIULG4rDygi4xu/tfgmq1e1cIRwRzwZgo4NLySi+ricLkZkw4i5A==
  
  spdx-expression-parse@^3.0.0:
    version "3.0.1"
    resolved "https://registry.npmjs.org/spdx-expression-parse/-/spdx-expression-parse-3.0.1.tgz"
    integrity sha512-cbqHunsQWnJNE6KhVSMsMeH5H/L9EpymbzqTQ3uLwNCLZ1Q481oWaofqH7nO6V07xlXwY6PhQdQ2IedWx/ZK4Q==
    dependencies:
      spdx-exceptions "^2.1.0"
      spdx-license-ids "^3.0.0"
  
  spdx-license-ids@^3.0.0:
    version "3.0.13"
    resolved "https://registry.npmjs.org/spdx-license-ids/-/spdx-license-ids-3.0.13.tgz"
    integrity sha512-XkD+zwiqXHikFZm4AX/7JSCXA98U5Db4AFd5XUg/+9UNtnH75+Z9KxtpYiJZx36mUDVOwH83pl7yvCer6ewM3w==
  
  ssri@^10.0.1:
    version "10.0.5"
    resolved "https://registry.npmjs.org/ssri/-/ssri-10.0.5.tgz"
    integrity sha512-bSf16tAFkGeRlUNDjXu8FzaMQt6g2HZJrun7mtMbIPOddxt3GLMSz5VWUWcqTJUPfLEaDIepGxv+bYQW49596A==
    dependencies:
      minipass "^7.0.3"
  
  statuses@2.0.1:
    version "2.0.1"
    resolved "https://registry.npmjs.org/statuses/-/statuses-2.0.1.tgz"
    integrity sha512-RwNA9Z/7PrK06rYLIzFMlaF+l73iwpzsqRIFgbMLbTcLD6cOao82TaWefPXQvB2fOC4AjuYSEndS7N/mTCbkdQ==
  
  stream-events@^1.0.5:
    version "1.0.5"
    resolved "https://registry.yarnpkg.com/stream-events/-/stream-events-1.0.5.tgz#bbc898ec4df33a4902d892333d47da9bf1c406d5"
    integrity sha512-E1GUzBSgvct8Jsb3v2X15pjzN1tYebtbLaMg+eBOUOAxgbLoSbT2NS91ckc5lJD1KfLjId+jXJRgo0qnV5Nerg==
    dependencies:
      stubs "^3.0.0"
  
  stream-shift@^1.0.2:
    version "1.0.3"
    resolved "https://registry.yarnpkg.com/stream-shift/-/stream-shift-1.0.3.tgz#85b8fab4d71010fc3ba8772e8046cc49b8a3864b"
    integrity sha512-76ORR0DO1o1hlKwTbi/DM3EXWGf3ZJYO8cXX5RJwnul2DEg2oyoZyjLNoQM8WsvZiFKCRfC1O0J7iCvie3RZmQ==
  
  streamsearch@^1.1.0:
    version "1.1.0"
    resolved "https://registry.npmjs.org/streamsearch/-/streamsearch-1.1.0.tgz"
    integrity sha512-Mcc5wHehp9aXz1ax6bZUyY5afg9u2rv5cqQI3mRrYkGC8rW2hM02jWuwjtL++LS5qinSyhj2QfLyNsuc+VsExg==
  
  string-width@^4.1.0, string-width@^4.2.0, string-width@^4.2.3:
    version "4.2.3"
    resolved "https://registry.npmjs.org/string-width/-/string-width-4.2.3.tgz"
    integrity sha512-wKyQRQpjJ0sIp62ErSZdGsjMJWsap5oRNihHhu6G7JVO/9jIB6UyevL+tXuOqrng8j/cxKTWyWUwvSTriiZz/g==
    dependencies:
      emoji-regex "^8.0.0"
      is-fullwidth-code-point "^3.0.0"
      strip-ansi "^6.0.1"
  
  string.prototype.trim@^1.2.7:
    version "1.2.7"
    resolved "https://registry.npmjs.org/string.prototype.trim/-/string.prototype.trim-1.2.7.tgz"
    integrity sha512-p6TmeT1T3411M8Cgg9wBTMRtY2q9+PNy9EV1i2lIXUN/btt763oIfxwN3RR8VU6wHX8j/1CFy0L+YuThm6bgOg==
    dependencies:
      call-bind "^1.0.2"
      define-properties "^1.1.4"
      es-abstract "^1.20.4"
  
  string.prototype.trim@^1.2.8:
    version "1.2.8"
    resolved "https://registry.npmjs.org/string.prototype.trim/-/string.prototype.trim-1.2.8.tgz"
    integrity sha512-lfjY4HcixfQXOfaqCvcBuOIapyaroTXhbkfJN3gcB1OtyupngWK4sEET9Knd0cXd28kTUqu/kHoV4HKSJdnjiQ==
    dependencies:
      call-bind "^1.0.2"
      define-properties "^1.2.0"
      es-abstract "^1.22.1"
  
  string.prototype.trimend@^1.0.6:
    version "1.0.6"
    resolved "https://registry.npmjs.org/string.prototype.trimend/-/string.prototype.trimend-1.0.6.tgz"
    integrity sha512-JySq+4mrPf9EsDBEDYMOb/lM7XQLulwg5R/m1r0PXEFqrV0qHvl58sdTilSXtKOflCsK2E8jxf+GKC0T07RWwQ==
    dependencies:
      call-bind "^1.0.2"
      define-properties "^1.1.4"
      es-abstract "^1.20.4"
  
  string.prototype.trimend@^1.0.7:
    version "1.0.7"
    resolved "https://registry.npmjs.org/string.prototype.trimend/-/string.prototype.trimend-1.0.7.tgz"
    integrity sha512-Ni79DqeB72ZFq1uH/L6zJ+DKZTkOtPIHovb3YZHQViE+HDouuU4mBrLOLDn5Dde3RF8qw5qVETEjhu9locMLvA==
    dependencies:
      call-bind "^1.0.2"
      define-properties "^1.2.0"
      es-abstract "^1.22.1"
  
  string.prototype.trimstart@^1.0.6:
    version "1.0.6"
    resolved "https://registry.npmjs.org/string.prototype.trimstart/-/string.prototype.trimstart-1.0.6.tgz"
    integrity sha512-omqjMDaY92pbn5HOX7f9IccLA+U1tA9GvtU4JrodiXFfYB7jPzzHpRzpglLAjtUV6bB557zwClJezTqnAiYnQA==
    dependencies:
      call-bind "^1.0.2"
      define-properties "^1.1.4"
      es-abstract "^1.20.4"
  
  string.prototype.trimstart@^1.0.7:
    version "1.0.7"
    resolved "https://registry.npmjs.org/string.prototype.trimstart/-/string.prototype.trimstart-1.0.7.tgz"
    integrity sha512-NGhtDFu3jCEm7B4Fy0DpLewdJQOZcQ0rGbwQ/+stjnrp2i+rlKeCvos9hOIeCmqwratM47OBxY7uFZzjxHXmrg==
    dependencies:
      call-bind "^1.0.2"
      define-properties "^1.2.0"
      es-abstract "^1.22.1"
  
  string_decoder@^1.1.1, string_decoder@~1.1.1:
    version "1.1.1"
    resolved "https://registry.npmjs.org/string_decoder/-/string_decoder-1.1.1.tgz"
    integrity sha512-n/ShnvDi6FHbbVfviro+WojiFzv+s8MPMHBczVePfUpDJLwoLT0ht1l4YwBCbi8pJAveEEdnkHyPyTP/mzRfwg==
    dependencies:
      safe-buffer "~5.1.0"
  
  strip-ansi@^6.0.0, strip-ansi@^6.0.1:
    version "6.0.1"
    resolved "https://registry.npmjs.org/strip-ansi/-/strip-ansi-6.0.1.tgz"
    integrity sha512-Y38VPSHcqkFrCpFnQ9vuSXmquuv5oXOKpGeT6aGrr3o3Gc9AlVa6JBfUSOCnbxGGZF+/0ooI7KrPuUSztUdU5A==
    dependencies:
      ansi-regex "^5.0.1"
  
  strip-bom@^3.0.0:
    version "3.0.0"
    resolved "https://registry.npmjs.org/strip-bom/-/strip-bom-3.0.0.tgz"
    integrity sha512-vavAMRXOgBVNF6nyEEmL3DBK19iRpDcoIwW+swQ+CbGiu7lju6t+JklA1MHweoWtadgt4ISVUsXLyDq34ddcwA==
  
  strip-final-newline@^2.0.0:
    version "2.0.0"
    resolved "https://registry.npmjs.org/strip-final-newline/-/strip-final-newline-2.0.0.tgz"
    integrity sha512-BrpvfNAE3dcvq7ll3xVumzjKjZQ5tI1sEUIKr3Uoks0XUl45St3FlatVqef9prk4jRDzhW6WZg+3bk93y6pLjA==
  
  strip-indent@^4.0.0:
    version "4.0.0"
    resolved "https://registry.npmjs.org/strip-indent/-/strip-indent-4.0.0.tgz"
    integrity sha512-mnVSV2l+Zv6BLpSD/8V87CW/y9EmmbYzGCIavsnsI6/nwn26DwffM/yztm30Z/I2DY9wdS3vXVCMnHDgZaVNoA==
    dependencies:
      min-indent "^1.0.1"
  
  strip-json-comments@^3.1.1:
    version "3.1.1"
    resolved "https://registry.npmjs.org/strip-json-comments/-/strip-json-comments-3.1.1.tgz"
    integrity sha512-6fPc+R4ihwqP6N/aIv2f1gMH8lOVtWQHoqC4yK6oSDVVocumAsfCqjkXnqiYMhmMwS/mEHLp7Vehlt3ql6lEig==
  
  strip-json-comments@~2.0.1:
    version "2.0.1"
    resolved "https://registry.yarnpkg.com/strip-json-comments/-/strip-json-comments-2.0.1.tgz#3c531942e908c2697c0ec344858c286c7ca0a60a"
    integrity sha512-4gB8na07fecVVkOI6Rs4e7T6NOTki5EmL7TUduTs6bu3EdnSycntVJ4re8kgZA+wx9IueI2Y11bfbgwtzuE0KQ==
  
  strnum@^1.0.5:
    version "1.0.5"
    resolved "https://registry.yarnpkg.com/strnum/-/strnum-1.0.5.tgz#5c4e829fe15ad4ff0d20c3db5ac97b73c9b072db"
    integrity sha512-J8bbNyKKXl5qYcR36TIO8W3mVGVHrmmxsd5PAItGkmyzwJvybiw2IVq5nqd0i4LSNSkB/sx9VHllbfFdr9k1JA==
  
  stubs@^3.0.0:
    version "3.0.0"
    resolved "https://registry.yarnpkg.com/stubs/-/stubs-3.0.0.tgz#e8d2ba1fa9c90570303c030b6900f7d5f89abe5b"
    integrity sha512-PdHt7hHUJKxvTCgbKX9C1V/ftOcjJQgz8BZwNfV5c4B6dcGqlpelTbJ999jBGZ2jYiPAwcX5dP6oBwVlBlUbxw==
  
  style-search@^0.1.0:
    version "0.1.0"
    resolved "https://registry.npmjs.org/style-search/-/style-search-0.1.0.tgz"
    integrity sha512-Dj1Okke1C3uKKwQcetra4jSuk0DqbzbYtXipzFlFMZtowbF1x7BKJwB9AayVMyFARvU8EDrZdcax4At/452cAg==
  
  stylelint@^15.10.3:
    version "15.10.3"
    resolved "https://registry.npmjs.org/stylelint/-/stylelint-15.10.3.tgz"
    integrity sha512-aBQMMxYvFzJJwkmg+BUUg3YfPyeuCuKo2f+LOw7yYbU8AZMblibwzp9OV4srHVeQldxvSFdz0/Xu8blq2AesiA==
    dependencies:
      "@csstools/css-parser-algorithms" "^2.3.1"
      "@csstools/css-tokenizer" "^2.2.0"
      "@csstools/media-query-list-parser" "^2.1.4"
      "@csstools/selector-specificity" "^3.0.0"
      balanced-match "^2.0.0"
      colord "^2.9.3"
      cosmiconfig "^8.2.0"
      css-functions-list "^3.2.0"
      css-tree "^2.3.1"
      debug "^4.3.4"
      fast-glob "^3.3.1"
      fastest-levenshtein "^1.0.16"
      file-entry-cache "^6.0.1"
      global-modules "^2.0.0"
      globby "^11.1.0"
      globjoin "^0.1.4"
      html-tags "^3.3.1"
      ignore "^5.2.4"
      import-lazy "^4.0.0"
      imurmurhash "^0.1.4"
      is-plain-object "^5.0.0"
      known-css-properties "^0.28.0"
      mathml-tag-names "^2.1.3"
      meow "^10.1.5"
      micromatch "^4.0.5"
      normalize-path "^3.0.0"
      picocolors "^1.0.0"
      postcss "^8.4.27"
      postcss-resolve-nested-selector "^0.1.1"
      postcss-safe-parser "^6.0.0"
      postcss-selector-parser "^6.0.13"
      postcss-value-parser "^4.2.0"
      resolve-from "^5.0.0"
      string-width "^4.2.3"
      strip-ansi "^6.0.1"
      style-search "^0.1.0"
      supports-hyperlinks "^3.0.0"
      svg-tags "^1.0.0"
      table "^6.8.1"
      write-file-atomic "^5.0.1"
  
  sucrase@^3.34.0:
    version "3.34.0"
    resolved "https://registry.npmjs.org/sucrase/-/sucrase-3.34.0.tgz"
    integrity sha512-70/LQEZ07TEcxiU2dz51FKaE6hCTWC6vr7FOk3Gr0U60C3shtAN+H+BFr9XlYe5xqf3RA8nrc+VIwzCfnxuXJw==
    dependencies:
      "@jridgewell/gen-mapping" "^0.3.2"
      commander "^4.0.0"
      glob "7.1.6"
      lines-and-columns "^1.1.6"
      mz "^2.7.0"
      pirates "^4.0.1"
      ts-interface-checker "^0.1.9"
  
  supports-color@^5.3.0, supports-color@^5.5.0:
    version "5.5.0"
    resolved "https://registry.npmjs.org/supports-color/-/supports-color-5.5.0.tgz"
    integrity sha512-QjVjwdXIt408MIiAqCX4oUKsgU2EqAGzs2Ppkm4aQYbjm+ZEWEcW4SfFNTr4uMNZma0ey4f5lgLrkB0aX0QMow==
    dependencies:
      has-flag "^3.0.0"
  
  supports-color@^7.0.0, supports-color@^7.1.0:
    version "7.2.0"
    resolved "https://registry.npmjs.org/supports-color/-/supports-color-7.2.0.tgz"
    integrity sha512-qpCAvRl9stuOHveKsn7HncJRvv501qIacKzQlO/+Lwxc9+0q2wLyv4Dfvt80/DPn2pqOBsJdDiogXGR9+OvwRw==
    dependencies:
      has-flag "^4.0.0"
  
  supports-hyperlinks@^3.0.0:
    version "3.0.0"
    resolved "https://registry.npmjs.org/supports-hyperlinks/-/supports-hyperlinks-3.0.0.tgz"
    integrity sha512-QBDPHyPQDRTy9ku4URNGY5Lah8PAaXs6tAAwp55sL5WCsSW7GIfdf6W5ixfziW+t7wh3GVvHyHHyQ1ESsoRvaA==
    dependencies:
      has-flag "^4.0.0"
      supports-color "^7.0.0"
  
  supports-preserve-symlinks-flag@^1.0.0:
    version "1.0.0"
    resolved "https://registry.npmjs.org/supports-preserve-symlinks-flag/-/supports-preserve-symlinks-flag-1.0.0.tgz"
    integrity sha512-ot0WnXS9fgdkgIcePe6RHNk1WA8+muPa6cSjeR3V8K27q9BB1rTE3R1p7Hv0z1ZyAc8s6Vvv8DIyWf681MAt0w==
  
  svg-tags@^1.0.0:
    version "1.0.0"
    resolved "https://registry.npmjs.org/svg-tags/-/svg-tags-1.0.0.tgz"
    integrity sha512-ovssysQTa+luh7A5Weu3Rta6FJlFBBbInjOh722LIt6klpU2/HtdUbszju/G4devcvk8PGt7FCLv5wftu3THUA==
  
  swagger2openapi@^7.0.8:
    version "7.0.8"
    resolved "https://registry.npmjs.org/swagger2openapi/-/swagger2openapi-7.0.8.tgz"
    integrity sha512-upi/0ZGkYgEcLeGieoz8gT74oWHA0E7JivX7aN9mAf+Tc7BQoRBvnIGHoPDw+f9TXTW4s6kGYCZJtauP6OYp7g==
    dependencies:
      call-me-maybe "^1.0.1"
      node-fetch "^2.6.1"
      node-fetch-h2 "^2.3.0"
      node-readfiles "^0.2.0"
      oas-kit-common "^1.0.8"
      oas-resolver "^2.5.6"
      oas-schema-walker "^1.1.5"
      oas-validator "^5.0.8"
      reftools "^1.1.9"
      yaml "^1.10.0"
      yargs "^17.0.1"
  
  table@^6.8.1:
    version "6.8.1"
    resolved "https://registry.npmjs.org/table/-/table-6.8.1.tgz"
    integrity sha512-Y4X9zqrCftUhMeH2EptSSERdVKt/nEdijTOacGD/97EKjhQ/Qs8RTlEGABSJNNN8lac9kheH+af7yAkEWlgneA==
    dependencies:
      ajv "^8.0.1"
      lodash.truncate "^4.4.2"
      slice-ansi "^4.0.0"
      string-width "^4.2.3"
      strip-ansi "^6.0.1"
  
  tar-fs@^2.0.0:
    version "2.1.1"
    resolved "https://registry.yarnpkg.com/tar-fs/-/tar-fs-2.1.1.tgz#489a15ab85f1f0befabb370b7de4f9eb5cbe8784"
    integrity sha512-V0r2Y9scmbDRLCNex/+hYzvp/zyYjvFbHPNgVTKfQvVrb6guiE/fxP+XblDNR011utopbkex2nM4dHNV6GDsng==
    dependencies:
      chownr "^1.1.1"
      mkdirp-classic "^0.5.2"
      pump "^3.0.0"
      tar-stream "^2.1.4"
  
  tar-stream@^2.1.4:
    version "2.2.0"
    resolved "https://registry.yarnpkg.com/tar-stream/-/tar-stream-2.2.0.tgz#acad84c284136b060dc3faa64474aa9aebd77287"
    integrity sha512-ujeqbceABgwMZxEJnk2HDY2DlnUZ+9oEcb1KzTVfYHio0UE6dG71n60d8D2I4qNvleWrrXpmjpt7vZeF1LnMZQ==
    dependencies:
      bl "^4.0.3"
      end-of-stream "^1.4.1"
      fs-constants "^1.0.0"
      inherits "^2.0.3"
      readable-stream "^3.1.1"
  
  teeny-request@^9.0.0:
    version "9.0.0"
    resolved "https://registry.yarnpkg.com/teeny-request/-/teeny-request-9.0.0.tgz#18140de2eb6595771b1b02203312dfad79a4716d"
    integrity sha512-resvxdc6Mgb7YEThw6G6bExlXKkv6+YbuzGg9xuXxSgxJF7Ozs+o8Y9+2R3sArdWdW8nOokoQb1yrpFB0pQK2g==
    dependencies:
      http-proxy-agent "^5.0.0"
      https-proxy-agent "^5.0.0"
      node-fetch "^2.6.9"
      stream-events "^1.0.5"
      uuid "^9.0.0"
  
  text-table@^0.2.0:
    version "0.2.0"
    resolved "https://registry.npmjs.org/text-table/-/text-table-0.2.0.tgz"
    integrity sha512-N+8UisAXDGk8PFXP4HAzVR9nbfmVJ3zYLAWiTIoqC5v5isinhr+r5uaO8+7r3BMfuNIufIsA7RdpVgacC2cSpw==
  
  thenify-all@^1.0.0:
    version "1.6.0"
    resolved "https://registry.npmjs.org/thenify-all/-/thenify-all-1.6.0.tgz"
    integrity sha512-RNxQH/qI8/t3thXJDwcstUO4zeqo64+Uy/+sNVRBx4Xn2OX+OZ9oP+iJnNFqplFra2ZUVeKCSa2oVWi3T4uVmA==
    dependencies:
      thenify ">= 3.1.0 < 4"
  
  "thenify@>= 3.1.0 < 4":
    version "3.3.1"
    resolved "https://registry.npmjs.org/thenify/-/thenify-3.3.1.tgz"
    integrity sha512-RVZSIV5IG10Hk3enotrhvz0T9em6cyHBLkH/YAZuKqd8hRkKhSfCGIcP2KUY0EPxndzANBmNllzWPwak+bheSw==
    dependencies:
      any-promise "^1.0.0"
  
  timers-ext@^0.1.7:
    version "0.1.7"
    resolved "https://registry.npmjs.org/timers-ext/-/timers-ext-0.1.7.tgz"
    integrity sha512-b85NUNzTSdodShTIbky6ZF02e8STtVVfD+fu4aXXShEELpozH+bCpJLYMPZbsABN2wDH7fJpqIoXxJpzbf0NqQ==
    dependencies:
      es5-ext "~0.10.46"
      next-tick "1"
  
  tiny-case@^1.0.3:
    version "1.0.3"
    resolved "https://registry.npmjs.org/tiny-case/-/tiny-case-1.0.3.tgz"
    integrity sha512-Eet/eeMhkO6TX8mnUteS9zgPbUMQa4I6Kkp5ORiBD5476/m+PIRiumP5tmh5ioJpH7k51Kehawy2UDfsnxxY8Q==
  
  to-fast-properties@^2.0.0:
    version "2.0.0"
    resolved "https://registry.npmjs.org/to-fast-properties/-/to-fast-properties-2.0.0.tgz"
    integrity sha512-/OaKK0xYrs3DmxRYqL/yDc+FxFUVYhDlXMhRmv3z915w2HF1tnN1omB354j8VUGO/hbRzyD6Y3sA7v7GS/ceog==
  
  to-regex-range@^5.0.1:
    version "5.0.1"
    resolved "https://registry.npmjs.org/to-regex-range/-/to-regex-range-5.0.1.tgz"
    integrity sha512-65P7iz6X5yEr1cwcgvQxbbIw7Uk3gOy5dIdtZ4rDveLqhrdJP+Li/Hx6tyK0NEb+2GCyneCMJiGqrADCSNk8sQ==
    dependencies:
      is-number "^7.0.0"
  
  toidentifier@1.0.1:
    version "1.0.1"
    resolved "https://registry.npmjs.org/toidentifier/-/toidentifier-1.0.1.tgz"
    integrity sha512-o5sSPKEkg/DIQNmH43V0/uerLrpzVedkUh8tGNvaeXpfpuwjKenlSox/2O/BTlZUtEe+JG7s5YhEz608PlAHRA==
  
  toposort@^2.0.2:
    version "2.0.2"
    resolved "https://registry.npmjs.org/toposort/-/toposort-2.0.2.tgz"
    integrity sha512-0a5EOkAUp8D4moMi2W8ZF8jcga7BgZd91O/yabJCFY8az+XSzeGyTKs0Aoo897iV1Nj6guFq8orWDS96z91oGg==
  
  touch@^3.1.0:
    version "3.1.0"
    resolved "https://registry.npmjs.org/touch/-/touch-3.1.0.tgz"
    integrity sha512-WBx8Uy5TLtOSRtIq+M03/sKDrXCLHxwDcquSP2c43Le03/9serjQBIztjRz6FkJez9D/hleyAXTBGLwwZUw9lA==
    dependencies:
      nopt "~1.0.10"
  
  tr46@^3.0.0:
    version "3.0.0"
    resolved "https://registry.npmjs.org/tr46/-/tr46-3.0.0.tgz"
    integrity sha512-l7FvfAHlcmulp8kr+flpQZmVwtu7nfRV7NZujtN0OqES8EL4O4e0qqzL0DC5gAvx/ZC/9lk6rhcUwYvkBnBnYA==
    dependencies:
      punycode "^2.1.1"
  
  tr46@~0.0.3:
    version "0.0.3"
    resolved "https://registry.npmjs.org/tr46/-/tr46-0.0.3.tgz"
    integrity sha512-N3WMsuqV66lT30CrXNbEjx4GEwlow3v6rr4mCcv6prnfwhS01rkgyFdjPNBYd9br7LpXV1+Emh01fHnq2Gdgrw==
  
  trim-newlines@^4.0.2:
    version "4.1.1"
    resolved "https://registry.npmjs.org/trim-newlines/-/trim-newlines-4.1.1.tgz"
    integrity sha512-jRKj0n0jXWo6kh62nA5TEh3+4igKDXLvzBJcPpiizP7oOolUrYIxmVBG9TOtHYFHoddUk6YvAkGeGoSVTXfQXQ==
  
  ts-algebra@^1.2.2:
    version "1.2.2"
    resolved "https://registry.npmjs.org/ts-algebra/-/ts-algebra-1.2.2.tgz"
    integrity sha512-kloPhf1hq3JbCPOTYoOWDKxebWjNb2o/LKnNfkWhxVVisFFmMJPPdJeGoGmM+iRLyoXAR61e08Pb+vUXINg8aA==
  
  ts-interface-checker@^0.1.9:
    version "0.1.13"
    resolved "https://registry.npmjs.org/ts-interface-checker/-/ts-interface-checker-0.1.13.tgz"
    integrity sha512-Y/arvbn+rrz3JCKl9C4kVNfTfSm2/mEp5FSz5EsZSANGPSlQrpRI5M4PKF+mJnE52jOO90PnPSc3Ur3bTQw0gA==
  
  ts-morph@^17.0.1:
    version "17.0.1"
    resolved "https://registry.npmjs.org/ts-morph/-/ts-morph-17.0.1.tgz"
    integrity sha512-10PkHyXmrtsTvZSL+cqtJLTgFXkU43Gd0JCc0Rw6GchWbqKe0Rwgt1v3ouobTZwQzF1mGhDeAlWYBMGRV7y+3g==
    dependencies:
      "@ts-morph/common" "~0.18.0"
      code-block-writer "^11.0.3"
  
  tsconfig-paths@^3.14.2:
    version "3.14.2"
    resolved "https://registry.npmjs.org/tsconfig-paths/-/tsconfig-paths-3.14.2.tgz"
    integrity sha512-o/9iXgCYc5L/JxCHPe3Hvh8Q/2xm5Z+p18PESBU6Ff33695QnCHBEjcytY2q19ua7Mbl/DavtBOLq+oG0RCL+g==
    dependencies:
      "@types/json5" "^0.0.29"
      json5 "^1.0.2"
      minimist "^1.2.6"
      strip-bom "^3.0.0"
  
  tslib@^2.1.0:
    version "2.6.2"
    resolved "https://registry.yarnpkg.com/tslib/-/tslib-2.6.2.tgz#703ac29425e7b37cd6fd456e92404d46d1f3e4ae"
    integrity sha512-AEYxH93jGFPn/a2iVAwW87VuUIkR1FVUKB77NwMF7nBTDkDrrT/Hpt/IrCJ0QXhW27jTBDcf5ZY7w6RiqTMw2Q==
  
  tunnel-agent@^0.6.0:
    version "0.6.0"
    resolved "https://registry.yarnpkg.com/tunnel-agent/-/tunnel-agent-0.6.0.tgz#27a5dea06b36b04a0a9966774b290868f0fc40fd"
    integrity sha512-McnNiV1l8RYeY8tBgEpuodCC1mLUdbSN+CYBL7kJsJNInOP8UjDDEwdk6Mw60vdLLrr5NHKZhMAOSrR2NZuQ+w==
    dependencies:
      safe-buffer "^5.0.1"
  
  type-check@^0.4.0, type-check@~0.4.0:
    version "0.4.0"
    resolved "https://registry.npmjs.org/type-check/-/type-check-0.4.0.tgz"
    integrity sha512-XleUoc9uwGXqjWwXaUTZAmzMcFZ5858QA2vvx1Ur5xIcixXIP+8LnFDgRplU30us6teqdlskFfu+ae4K79Ooew==
    dependencies:
      prelude-ls "^1.2.1"
  
  type-fest@^0.20.2:
    version "0.20.2"
    resolved "https://registry.npmjs.org/type-fest/-/type-fest-0.20.2.tgz"
    integrity sha512-Ne+eE4r0/iWnpAxD852z3A+N0Bt5RN//NjJwRd2VFHEmrywxf5vsZlh4R6lixl6B+wz/8d+maTSAkN1FIkI3LQ==
  
  type-fest@^1.0.1, type-fest@^1.2.1, type-fest@^1.2.2:
    version "1.4.0"
    resolved "https://registry.npmjs.org/type-fest/-/type-fest-1.4.0.tgz"
    integrity sha512-yGSza74xk0UG8k+pLh5oeoYirvIiWo5t0/o3zHHAO2tRDiZcxWP7fywNlXhqb6/r6sWvwi+RsyQMWhVLe4BVuA==
  
  type-fest@^2.19.0:
    version "2.19.0"
    resolved "https://registry.npmjs.org/type-fest/-/type-fest-2.19.0.tgz"
    integrity sha512-RAH822pAdBgcNMAfWnCBU3CFZcfZ/i1eZjwFU/dsLKumyuuP3niueg2UAukXYF0E2AAoc82ZSSf9J0WQBinzHA==
  
  type-is@^1.6.4, type-is@~1.6.18:
    version "1.6.18"
    resolved "https://registry.npmjs.org/type-is/-/type-is-1.6.18.tgz"
    integrity sha512-TkRKr9sUTxEH8MdfuCSP7VizJyzRNMjj2J2do2Jr3Kym598JVdEksuzPQCnlFPW4ky9Q+iA+ma9BGm06XQBy8g==
    dependencies:
      media-typer "0.3.0"
      mime-types "~2.1.24"
  
  type@^2.7.2:
    version "2.7.2"
    resolved "https://registry.npmjs.org/type/-/type-2.7.2.tgz"
    integrity sha512-dzlvlNlt6AXU7EBSfpAscydQ7gXB+pPGsPnfJnZpiNJBDj7IaJzQlBZYGdEi4R9HmPdBv2XmWJ6YUtoTa7lmCw==
  
  typed-array-buffer@^1.0.0:
    version "1.0.0"
    resolved "https://registry.npmjs.org/typed-array-buffer/-/typed-array-buffer-1.0.0.tgz"
    integrity sha512-Y8KTSIglk9OZEr8zywiIHG/kmQ7KWyjseXs1CbSo8vC42w7hg2HgYTxSWwP0+is7bWDc1H+Fo026CpHFwm8tkw==
    dependencies:
      call-bind "^1.0.2"
      get-intrinsic "^1.2.1"
      is-typed-array "^1.1.10"
  
  typed-array-byte-length@^1.0.0:
    version "1.0.0"
    resolved "https://registry.npmjs.org/typed-array-byte-length/-/typed-array-byte-length-1.0.0.tgz"
    integrity sha512-Or/+kvLxNpeQ9DtSydonMxCx+9ZXOswtwJn17SNLvhptaXYDJvkFFP5zbfU/uLmvnBJlI4yrnXRxpdWH/M5tNA==
    dependencies:
      call-bind "^1.0.2"
      for-each "^0.3.3"
      has-proto "^1.0.1"
      is-typed-array "^1.1.10"
  
  typed-array-byte-offset@^1.0.0:
    version "1.0.0"
    resolved "https://registry.npmjs.org/typed-array-byte-offset/-/typed-array-byte-offset-1.0.0.tgz"
    integrity sha512-RD97prjEt9EL8YgAgpOkf3O4IF9lhJFr9g0htQkm0rchFp/Vx7LW5Q8fSXXub7BXAODyUQohRMyOc3faCPd0hg==
    dependencies:
      available-typed-arrays "^1.0.5"
      call-bind "^1.0.2"
      for-each "^0.3.3"
      has-proto "^1.0.1"
      is-typed-array "^1.1.10"
  
  typed-array-length@^1.0.4:
    version "1.0.4"
    resolved "https://registry.npmjs.org/typed-array-length/-/typed-array-length-1.0.4.tgz"
    integrity sha512-KjZypGq+I/H7HI5HlOoGHkWUUGq+Q0TPhQurLbyrVrvnKTBgzLhIJ7j6J/XTQOi0d1RjyZ0wdas8bKs2p0x3Ng==
    dependencies:
      call-bind "^1.0.2"
      for-each "^0.3.3"
      is-typed-array "^1.1.9"
  
  typedarray@^0.0.6:
    version "0.0.6"
    resolved "https://registry.npmjs.org/typedarray/-/typedarray-0.0.6.tgz"
    integrity sha512-/aCDEGatGvZ2BIk+HmLf4ifCJFwvKFNb9/JeZPMulfgFracn9QFcAf5GO8B/mweUjSoblS5In0cWhqpfs/5PQA==
  
  unbox-primitive@^1.0.2:
    version "1.0.2"
    resolved "https://registry.npmjs.org/unbox-primitive/-/unbox-primitive-1.0.2.tgz"
    integrity sha512-61pPlCD9h51VoreyJ0BReideM3MDKMKnh6+V9L08331ipq6Q8OFXZYiqP6n/tbHx4s5I9uRhcye6BrbkizkBDw==
    dependencies:
      call-bind "^1.0.2"
      has-bigints "^1.0.2"
      has-symbols "^1.0.3"
      which-boxed-primitive "^1.0.2"
  
  undefsafe@^2.0.5:
    version "2.0.5"
    resolved "https://registry.npmjs.org/undefsafe/-/undefsafe-2.0.5.tgz"
    integrity sha512-WxONCrssBM8TSPRqN5EmsjVrsv4A8X12J4ArBiiayv3DyyG3ZlIg6yysuuSYdZsVz3TKcTg2fd//Ujd4CHV1iA==
  
  undici-types@~5.26.4:
    version "5.26.5"
    resolved "https://registry.yarnpkg.com/undici-types/-/undici-types-5.26.5.tgz#bcd539893d00b56e964fd2657a4866b221a65617"
    integrity sha512-JlCMO+ehdEIKqlFxk6IfVoAUVmgz7cU7zD/h9XZ0qzeosSHmUJVOzSQvvYSYWXkFXC+IfLKSIffhv0sVZup6pA==
  
  unpipe@1.0.0, unpipe@~1.0.0:
    version "1.0.0"
    resolved "https://registry.npmjs.org/unpipe/-/unpipe-1.0.0.tgz"
    integrity sha512-pjy2bYhSsufwWlKwPc+l3cN7+wuJlK6uz0YdJEOlQDbl6jo/YlPi4mb8agUkVC8BF7V8NuzeyPNqRksA3hztKQ==
  
  update-browserslist-db@^1.0.11:
    version "1.0.11"
    resolved "https://registry.npmjs.org/update-browserslist-db/-/update-browserslist-db-1.0.11.tgz"
    integrity sha512-dCwEFf0/oT85M1fHBg4F0jtLwJrutGoHSQXCh7u4o2t1drG+c0a9Flnqww6XUKSfQMPpJBRjU8d4RXB09qtvaA==
    dependencies:
      escalade "^3.1.1"
      picocolors "^1.0.0"
  
  uri-js@^4.2.2:
    version "4.4.1"
    resolved "https://registry.npmjs.org/uri-js/-/uri-js-4.4.1.tgz"
    integrity sha512-7rKUyy33Q1yc98pQ1DAmLtwX109F7TIfWlW1Ydo8Wl1ii1SeHieeh0HHfPeL2fMXK6z0s8ecKs9frCuLJvndBg==
    dependencies:
      punycode "^2.1.0"
  
  util-deprecate@^1.0.1, util-deprecate@^1.0.2, util-deprecate@~1.0.1:
    version "1.0.2"
    resolved "https://registry.npmjs.org/util-deprecate/-/util-deprecate-1.0.2.tgz"
    integrity sha512-EPD5q1uXyFxJpCrLnCc1nHnq3gOa6DZBocAIiI2TaSCA7VCJ1UJDMagCzIkXNsUYfD1daK//LTEQ8xiIbrHtcw==
  
  utils-merge@1.0.1:
    version "1.0.1"
    resolved "https://registry.npmjs.org/utils-merge/-/utils-merge-1.0.1.tgz"
    integrity sha512-pMZTvIkT1d+TFGvDOqodOclx0QWkkgi6Tdoa8gC8ffGAAqz9pzPTZWAybbsHHoED/ztMtkv/VoYTYyShUn81hA==
  
  uuid@^8.0.0:
    version "8.3.2"
    resolved "https://registry.yarnpkg.com/uuid/-/uuid-8.3.2.tgz#80d5b5ced271bb9af6c445f21a1a04c606cefbe2"
    integrity sha512-+NYs2QeMWy+GWFOEm9xnn6HCDp0l7QBD7ml8zLUmJ+93Q5NF0NocErnwkTkXVFNiX3/fpC6afS8Dhb/gz7R7eg==
  
  uuid@^9.0.0, uuid@^9.0.1:
    version "9.0.1"
    resolved "https://registry.yarnpkg.com/uuid/-/uuid-9.0.1.tgz#e188d4c8853cc722220392c424cd637f32293f30"
    integrity sha512-b+1eJOlsR9K8HJpow9Ok3fiWOWSIcIzXodvv0rQjVoOVNpWMpxf1wZNpt4y9h10odCNrqnYp1OBzRktckBe3sA==
  
  validate-npm-package-license@^3.0.1:
    version "3.0.4"
    resolved "https://registry.npmjs.org/validate-npm-package-license/-/validate-npm-package-license-3.0.4.tgz"
    integrity sha512-DpKm2Ui/xN7/HQKCtpZxoRWBhZ9Z0kqtygG8XCgNQ8ZlDnxuQmWhj566j8fN4Cu3/JmbhsDo7fcAJq4s9h27Ew==
    dependencies:
      spdx-correct "^3.0.0"
      spdx-expression-parse "^3.0.0"
  
  validate-npm-package-name@^5.0.0:
    version "5.0.0"
    resolved "https://registry.npmjs.org/validate-npm-package-name/-/validate-npm-package-name-5.0.0.tgz"
    integrity sha512-YuKoXDAhBYxY7SfOKxHBDoSyENFeW5VvIIQp2TGQuit8gpK6MnWaQelBKxso72DoxTZfZdcP3W90LqpSkgPzLQ==
    dependencies:
      builtins "^5.0.0"
  
  validate.io-array@^1.0.3:
    version "1.0.6"
    resolved "https://registry.npmjs.org/validate.io-array/-/validate.io-array-1.0.6.tgz"
    integrity sha512-DeOy7CnPEziggrOO5CZhVKJw6S3Yi7e9e65R1Nl/RTN1vTQKnzjfvks0/8kQ40FP/dsjRAOd4hxmJ7uLa6vxkg==
  
  validate.io-function@^1.0.2:
    version "1.0.2"
    resolved "https://registry.npmjs.org/validate.io-function/-/validate.io-function-1.0.2.tgz"
    integrity sha512-LlFybRJEriSuBnUhQyG5bwglhh50EpTL2ul23MPIuR1odjO7XaMLFV8vHGwp7AZciFxtYOeiSCT5st+XSPONiQ==
  
  validate.io-integer-array@^1.0.0:
    version "1.0.0"
    resolved "https://registry.npmjs.org/validate.io-integer-array/-/validate.io-integer-array-1.0.0.tgz"
    integrity sha512-mTrMk/1ytQHtCY0oNO3dztafHYyGU88KL+jRxWuzfOmQb+4qqnWmI+gykvGp8usKZOM0H7keJHEbRaFiYA0VrA==
    dependencies:
      validate.io-array "^1.0.3"
      validate.io-integer "^1.0.4"
  
  validate.io-integer@^1.0.4:
    version "1.0.5"
    resolved "https://registry.npmjs.org/validate.io-integer/-/validate.io-integer-1.0.5.tgz"
    integrity sha512-22izsYSLojN/P6bppBqhgUDjCkr5RY2jd+N2a3DCAUey8ydvrZ/OkGvFPR7qfOpwR2LC5p4Ngzxz36g5Vgr/hQ==
    dependencies:
      validate.io-number "^1.0.3"
  
  validate.io-number@^1.0.3:
    version "1.0.3"
    resolved "https://registry.npmjs.org/validate.io-number/-/validate.io-number-1.0.3.tgz"
    integrity sha512-kRAyotcbNaSYoDnXvb4MHg/0a1egJdLwS6oJ38TJY7aw9n93Fl/3blIXdyYvPOp55CNxywooG/3BcrwNrBpcSg==
  
  vary@^1, vary@~1.1.2:
    version "1.1.2"
    resolved "https://registry.npmjs.org/vary/-/vary-1.1.2.tgz"
    integrity sha512-BNGbWLfd0eUPabhkXUVm0j8uuvREyTh5ovRa/dyow/BqAbZJyC+5fU+IzQOzmAKzYqYRAISoRhdQr3eIZ/PXqg==
  
  wcwidth@^1.0.1:
    version "1.0.1"
    resolved "https://registry.npmjs.org/wcwidth/-/wcwidth-1.0.1.tgz"
    integrity sha512-XHPEwS0q6TaxcvG85+8EYkbiCux2XtWG2mkc47Ng2A77BQu9+DqIOJldST4HgPkuea7dvKSj5VgX3P1d4rW8Tg==
    dependencies:
      defaults "^1.0.3"
  
  web-streams-polyfill@4.0.0-beta.3:
    version "4.0.0-beta.3"
    resolved "https://registry.npmjs.org/web-streams-polyfill/-/web-streams-polyfill-4.0.0-beta.3.tgz"
    integrity sha512-QW95TCTaHmsYfHDybGMwO5IJIM93I/6vTRk+daHTWFPhwh+C8Cg7j7XyKrwrj8Ib6vYXe0ocYNrmzY4xAAN6ug==
  
  webidl-conversions@^3.0.0:
    version "3.0.1"
    resolved "https://registry.npmjs.org/webidl-conversions/-/webidl-conversions-3.0.1.tgz"
    integrity sha512-2JAn3z8AR6rjK8Sm8orRC0h/bcl/DqL7tRPdGZ4I1CjdF+EaMLmYxBHyXuKL849eucPFhvBoxMsflfOb8kxaeQ==
  
  webidl-conversions@^7.0.0:
    version "7.0.0"
    resolved "https://registry.npmjs.org/webidl-conversions/-/webidl-conversions-7.0.0.tgz"
    integrity sha512-VwddBukDzu71offAQR975unBIGqfKZpM+8ZX6ySk8nYhVoo5CYaZyzt3YBvYtRtO+aoGlqxPg/B87NGVZ/fu6g==
  
  websocket-driver@>=0.5.1:
    version "0.7.4"
    resolved "https://registry.yarnpkg.com/websocket-driver/-/websocket-driver-0.7.4.tgz#89ad5295bbf64b480abcba31e4953aca706f5760"
    integrity sha512-b17KeDIQVjvb0ssuSDF2cYXSg2iztliJ4B9WdsuB6J952qCPKmnVq4DyW5motImXHDC1cBT/1UezrJVsKw5zjg==
    dependencies:
      http-parser-js ">=0.5.1"
      safe-buffer ">=5.1.0"
      websocket-extensions ">=0.1.1"
  
  websocket-extensions@>=0.1.1:
    version "0.1.4"
    resolved "https://registry.yarnpkg.com/websocket-extensions/-/websocket-extensions-0.1.4.tgz#7f8473bc839dfd87608adb95d7eb075211578a42"
    integrity sha512-OqedPIGOfsDlo31UNwYbCFMSaO9m9G/0faIHj5/dZFDMFqPTcx6UwqyOy3COEaEOg/9VsGIpdqn62W5KhoKSpg==
  
  whatwg-fetch@^3.4.1:
    version "3.6.20"
    resolved "https://registry.npmjs.org/whatwg-fetch/-/whatwg-fetch-3.6.20.tgz"
    integrity sha512-EqhiFU6daOA8kpjOWTL0olhVOF3i7OrFzSYiGsEMB8GcXS+RrzauAERX65xMeNWVqxA6HXH2m69Z9LaKKdisfg==
  
  whatwg-url@^11.0.0:
    version "11.0.0"
    resolved "https://registry.npmjs.org/whatwg-url/-/whatwg-url-11.0.0.tgz"
    integrity sha512-RKT8HExMpoYx4igMiVMY83lN6UeITKJlBQ+vR/8ZJ8OCdSiN3RwCq+9gH0+Xzj0+5IrM6i4j/6LuvzbZIQgEcQ==
    dependencies:
      tr46 "^3.0.0"
      webidl-conversions "^7.0.0"
  
  whatwg-url@^5.0.0:
    version "5.0.0"
    resolved "https://registry.npmjs.org/whatwg-url/-/whatwg-url-5.0.0.tgz"
    integrity sha512-saE57nupxk6v3HY35+jzBwYa0rKSy0XR8JSxZPwgLr7ys0IBzhGviA1/TUGJLmSVqs8pb9AnvICXEuOHLprYTw==
    dependencies:
      tr46 "~0.0.3"
      webidl-conversions "^3.0.0"
  
  which-boxed-primitive@^1.0.2:
    version "1.0.2"
    resolved "https://registry.npmjs.org/which-boxed-primitive/-/which-boxed-primitive-1.0.2.tgz"
    integrity sha512-bwZdv0AKLpplFY2KZRX6TvyuN7ojjr7lwkg6ml0roIy9YeuSr7JS372qlNW18UQYzgYK9ziGcerWqZOmEn9VNg==
    dependencies:
      is-bigint "^1.0.1"
      is-boolean-object "^1.1.0"
      is-number-object "^1.0.4"
      is-string "^1.0.5"
      is-symbol "^1.0.3"
  
  which-typed-array@^1.1.11:
    version "1.1.11"
    resolved "https://registry.npmjs.org/which-typed-array/-/which-typed-array-1.1.11.tgz"
    integrity sha512-qe9UWWpkeG5yzZ0tNYxDmd7vo58HDBc39mZ0xWWpolAGADdFOzkfamWLDxkOWcvHQKVmdTyQdLD4NOfjLWTKew==
    dependencies:
      available-typed-arrays "^1.0.5"
      call-bind "^1.0.2"
      for-each "^0.3.3"
      gopd "^1.0.1"
      has-tostringtag "^1.0.0"
  
  which-typed-array@^1.1.9:
    version "1.1.9"
    resolved "https://registry.npmjs.org/which-typed-array/-/which-typed-array-1.1.9.tgz"
    integrity sha512-w9c4xkx6mPidwp7180ckYWfMmvxpjlZuIudNtDf4N/tTAUB8VJbX25qZoAsrtGuYNnGw3pa0AXgbGKRB8/EceA==
    dependencies:
      available-typed-arrays "^1.0.5"
      call-bind "^1.0.2"
      for-each "^0.3.3"
      gopd "^1.0.1"
      has-tostringtag "^1.0.0"
      is-typed-array "^1.1.10"
  
  which@^1.3.1:
    version "1.3.1"
    resolved "https://registry.npmjs.org/which/-/which-1.3.1.tgz"
    integrity sha512-HxJdYWq1MTIQbJ3nw0cqssHoTNU267KlrDuGZ1WYlxDStUtKUhOaJmh112/TZmHxxUfuJqPXSOm7tDyas0OSIQ==
    dependencies:
      isexe "^2.0.0"
  
  which@^2.0.1:
    version "2.0.2"
    resolved "https://registry.npmjs.org/which/-/which-2.0.2.tgz"
    integrity sha512-BLI3Tl1TW3Pvl70l3yq3Y64i+awpwXqsGBYWkkqMtnbXgrMD+yj7rhW0kuEDxzJaYXGjEW5ogapKNMEKNMjibA==
    dependencies:
      isexe "^2.0.0"
  
  wrap-ansi@^7.0.0:
    version "7.0.0"
    resolved "https://registry.npmjs.org/wrap-ansi/-/wrap-ansi-7.0.0.tgz"
    integrity sha512-YVGIj2kamLSTxw6NsZjoBxfSwsn0ycdesmc4p+Q21c5zPuZ1pl+NfxVdxPtdHvmNVOQ6XSYG4AUtyt/Fi7D16Q==
    dependencies:
      ansi-styles "^4.0.0"
      string-width "^4.1.0"
      strip-ansi "^6.0.0"
  
  wrappy@1:
    version "1.0.2"
    resolved "https://registry.npmjs.org/wrappy/-/wrappy-1.0.2.tgz"
    integrity sha512-l4Sp/DRseor9wL6EvV2+TuQn63dMkPjZ/sp9XkghTEbV9KlPS1xUsZ3u7/IQO4wxtcFB4bgpQPRcR3QCvezPcQ==
  
  write-file-atomic@^5.0.1:
    version "5.0.1"
    resolved "https://registry.npmjs.org/write-file-atomic/-/write-file-atomic-5.0.1.tgz"
    integrity sha512-+QU2zd6OTD8XWIJCbffaiQeH9U73qIqafo1x6V1snCWYGJf6cVE0cDR4D8xRzcEnfI21IFrUPzPGtcPf8AC+Rw==
    dependencies:
      imurmurhash "^0.1.4"
      signal-exit "^4.0.1"
  
  xtend@^4.0.0:
    version "4.0.2"
    resolved "https://registry.npmjs.org/xtend/-/xtend-4.0.2.tgz"
    integrity sha512-LKYU1iAXJXUgAXn9URjiu+MWhyUXHsvfp7mcuYm9dSUKK0/CjtrUwFAxD82/mCWbtLsGjFIad0wIsod4zrTAEQ==
  
  y18n@^5.0.5:
    version "5.0.8"
    resolved "https://registry.npmjs.org/y18n/-/y18n-5.0.8.tgz"
    integrity sha512-0pfFzegeDWJHJIAmTLRP2DwHjdF5s7jo9tuztdQxAhINCdvS+3nGINqPd00AphqJR/0LhANUS6/+7SCb98YOfA==
  
  yallist@^3.0.2:
    version "3.1.1"
    resolved "https://registry.npmjs.org/yallist/-/yallist-3.1.1.tgz"
    integrity sha512-a4UGQaWPH59mOXUYnAG2ewncQS4i4F43Tv3JoAM+s2VDAmS9NsK8GpDMLrCHPksFT7h3K6TOoUNn2pb7RoXx4g==
  
  yallist@^4.0.0:
    version "4.0.0"
    resolved "https://registry.npmjs.org/yallist/-/yallist-4.0.0.tgz"
    integrity sha512-3wdGidZyq5PB084XLES5TpOSRA3wjXAlIWMhum2kRcv/41Sn2emQ0dycQW4uZXLejwKvg6EsvbdlVL+FYEct7A==
  
  yaml@^1.10.0:
    version "1.10.2"
    resolved "https://registry.npmjs.org/yaml/-/yaml-1.10.2.tgz"
    integrity sha512-r3vXyErRCYJ7wg28yvBY5VSoAF8ZvlcW9/BwUzEtUsjvX/DKs24dIkuwjtuprwJJHsbyUbLApepYTR1BN4uHrg==
  
  yargs-parser@^20.2.9:
    version "20.2.9"
    resolved "https://registry.npmjs.org/yargs-parser/-/yargs-parser-20.2.9.tgz"
    integrity sha512-y11nGElTIV+CT3Zv9t7VKl+Q3hTQoT9a1Qzezhhl6Rp21gJ/IVTW7Z3y9EWXhuUBC2Shnf+DX0antecpAwSP8w==
  
  yargs-parser@^21.1.1:
    version "21.1.1"
    resolved "https://registry.npmjs.org/yargs-parser/-/yargs-parser-21.1.1.tgz"
    integrity sha512-tVpsJW7DdjecAiFpbIB1e3qxIQsE6NoPc5/eTdrbbIC4h0LVsWhnoa3g+m2HclBIujHzsxZ4VJVA+GUuc2/LBw==
  
  yargs@^17.0.1, yargs@^17.7.2:
    version "17.7.2"
    resolved "https://registry.npmjs.org/yargs/-/yargs-17.7.2.tgz"
    integrity sha512-7dSzzRQ++CKnNI/krKnYRV7JKKPUXMEh61soaHKg9mrWEhzFWhFnxPxGl+69cD1Ou63C13NUPCnmIcrvqCuM6w==
    dependencies:
      cliui "^8.0.1"
      escalade "^3.1.1"
      get-caller-file "^2.0.5"
      require-directory "^2.1.1"
      string-width "^4.2.3"
      y18n "^5.0.5"
      yargs-parser "^21.1.1"
  
  yocto-queue@^0.1.0:
    version "0.1.0"
    resolved "https://registry.npmjs.org/yocto-queue/-/yocto-queue-0.1.0.tgz"
    integrity sha512-rVksvsnNCdJ/ohGc6xgPwyN8eheCxsiLM8mxuE/t/mOVqJewPuO1miLpTHQiRgTKCLexL4MeAFVagts7HmNZ2Q==
  
  yup@^1.2.0:
    version "1.2.0"
    resolved "https://registry.npmjs.org/yup/-/yup-1.2.0.tgz"
    integrity sha512-PPqYKSAXjpRCgLgLKVGPA33v5c/WgEx3wi6NFjIiegz90zSwyMpvTFp/uGcVnnbx6to28pgnzp/q8ih3QRjLMQ==
    dependencies:
      property-expr "^2.0.5"
      tiny-case "^1.0.3"
      toposort "^2.0.2"
      type-fest "^2.19.0"
